STRUCTURE,STRUCTURE_ID,STRUCTURE_NAME,ACTION,REF_AREA,Reference area,FREQ,Frequency of observation,MEASURE,Measure,UNIT_MEASURE,Unit of measure,FINANCING_SCHEME,Financing scheme,FINANCING_SCHEME_REV,Revenues of financing schemes,FUNCTION,Health function,MODE_PROVISION,Mode of provision,PROVIDER,Health care provider,FACTOR_PROVISION,Factor of provision,ASSET_TYPE,Asset type,PRICE_BASE,Price base,TIME_PERIOD,Time period,OBS_VALUE,Observation value,BASE_PER,Base period,CURRENCY,Currency,OBS_STATUS,Observation status,OBS_STATUS2,Observation status 2,OBS_STATUS3,Observation status 3,UNIT_MULT,Unit multiplier,DECIMALS,Decimals
DATAFLOW,OECD.ELS.HD:DSD_SHA@DF_SHA(1.0),Health expenditure and financing,I,ISL,Iceland,A,Annual,EXP_HEALTH,Expenditure,PT_B1GQ,Percentage of GDP,_T,Total,_Z,Not application,_T,Total,_T,Total,_T,Total,_Z,Not applicable,_Z,Not applicable,_Z,Not applicable,2020,,9.649,,,,,,,,,,,,0,Units,1,One
DATAFLOW,OECD.ELS.HD:DSD_SHA@DF_SHA(1.0),Health expenditure and financing,I,CAN,Canada,A,Annual,EXP_HEALTH,Expenditure,PT_B1GQ,Percentage of GDP,HF3,Household out-of-pocket payments,_Z,Not application,_T,Total,_T,Total,_T,Total,_Z,Not applicable,_Z,Not applicable,_Z,Not applicable,2020,,1.786,,,,,,,,,,,,0,Units,1,One
DATAFLOW,OECD.ELS.HD:DSD_SHA@DF_SHA(1.0),Health expenditure and financing,I,CAN,Canada,A,Annual,EXP_HEALTH,Expenditure,PT_B1GQ,Percentage of GDP,HF3,Household out-of-pocket payments,_Z,Not application,_T,Total,_T,Total,_T,Total,_Z,Not applicable,_Z,Not applicable,_Z,Not applicable,2021,,1.732,,,,,,,,,,,,0,Units,1,One
DATAFLOW,OECD.ELS.HD:DSD_SHA@DF_SHA(1.0),Health expenditure and financing,I,DEU,Germany,A,Annual,EXP_HEALTH,Expenditure,PT_B1GQ,Percentage of GDP,HF3,Household out-of-pocket payments,_Z,Not application,_T,Total,_T,Total,_T,Total,_Z,Not applicable,_Z,Not applicable,_Z,Not applicable,2018,,1.483,,,,,,,,,,,,0,Units,1,One
DATAFLOW,OECD.ELS.HD:DSD_SHA@DF_SHA(1.0),Health expenditure and financing,I,FIN,Finland,A,Annual,EXP_HEALTH,Expenditure,PT_B1GQ,Percentage of GDP,HF3,Household out-of-pocket payments,_Z,Not application,_T,Total,_T,Total,_T,Total,_Z,Not applicable,_Z,Not applicable,_Z,Not applicable,2020,,1.586,,,,,,,,,,,,0,Units,1,One
DATAFLOW,OECD.ELS.HD:DSD_SHA@DF_SHA(1.0),Health expenditure and financing,I,FIN,Finland,A,Annual,EXP_HEALTH,Expenditure,PT_B1GQ,Percentage of GDP,HF3,Household out-of-pocket payments,_Z,Not application,_T,Total,_T,Total,_T,Total,_Z,Not applicable,_Z,Not applicable,_Z,Not applicable,2021,,1.639,,,,,,,,,,,,0,Units,1,One
DATAFLOW,OECD.ELS.HD:DSD_SHA@DF_SHA(1.0),Health expenditure and financing,I,FIN,Finland,A,Annual,EXP_HEALTH,Expenditure,PT_B1GQ,Percentage of GDP,HF3,Household out-of-pocket payments,_Z,Not application,_T,Total,_T,Total,_T,Total,_Z,Not applicable,_Z,Not applicable,_Z,Not applicable,2022,,1.559,,,,,,,,,,,,0,Units,1,One
DATAFLOW,OECD.ELS.HD:DSD_SHA@DF_SHA(1.0),Health expenditure and financing,I,SWE,Sweden,A,Annual,EXP_HEALTH,Expenditure,PT_B1GQ,Percentage of GDP,HF3,Household out-of-pocket payments,_Z,Not application,_T,Total,_T,Total,_T,Total,_Z,Not applicable,_Z,Not applicable,_Z,Not applicable,2019,,1.485,,,,,,,,,,,,0,Units,1,One
DATAFLOW,OECD.ELS.HD:DSD_SHA@DF_SHA(1.0),Health expenditure and financing,I,SWE,Sweden,A,Annual,EXP_HEALTH,Expenditure,PT_B1GQ,Percentage of GDP,HF3,Household out-of-pocket payments,_Z,Not application,_T,Total,_T,Total,_T,Total,_Z,Not applicable,_Z,Not applicable,_Z,Not applicable,2020,,1.454,,,,,,,,,,,,0,Units,1,One
DATAFLOW,OECD.ELS.HD:DSD_SHA@DF_SHA(1.0),Health expenditure and financing,I,SWE,Sweden,A,Annual,EXP_HEALTH,Expenditure,PT_B1GQ,Percentage of GDP,HF3,Household out-of-pocket payments,_Z,Not application,_T,Total,_T,Total,_T,Total,_Z,Not applicable,_Z,Not applicable,_Z,Not applicable,2021,,1.421,,,,,,,,,,,,0,Units,1,One
DATAFLOW,OECD.ELS.HD:DSD_SHA@DF_SHA(1.0),Health expenditure and financing,I,SWE,Sweden,A,Annual,EXP_HEALTH,Expenditure,PT_B1GQ,Percentage of GDP,HF3,Household out-of-pocket payments,_Z,Not application,_T,Total,_T,Total,_T,Total,_Z,Not applicable,_Z,Not applicable,_Z,Not applicable,2022,,1.355,,,,,,,,,,,,0,Units,1,One
DATAFLOW,OECD.ELS.HD:DSD_SHA@DF_SHA(1.0),Health expenditure and financing,I,CZE,Czechia,A,Annual,EXP_HEALTH,Expenditure,PT_B1GQ,Percentage of GDP,_T,Total,_Z,Not application,_T,Total,_T,Total,_T,Total,_Z,Not applicable,_Z,Not applicable,_Z,Not applicable,2022,,8.799,,,,,,,,,,,,0,Units,1,One
DATAFLOW,OECD.ELS.HD:DSD_SHA@DF_SHA(1.0),Health expenditure and financing,I,CZE,Czechia,A,Annual,EXP_HEALTH,Expenditure,PT_B1GQ,Percentage of GDP,_T,Total,_Z,Not application,_T,Total,_T,Total,_T,Total,_Z,Not applicable,_Z,Not applicable,_Z,Not applicable,2018,,7.46,,,,,,,,,,,,0,Units,1,One
DATAFLOW,OECD.ELS.HD:DSD_SHA@DF_SHA(1.0),Health expenditure and financing,I,LUX,Luxembourg,A,Annual,EXP_HEALTH,Expenditure,PT_B1GQ,Percentage of GDP,_T,Total,_Z,Not application,_T,Total,_T,Total,_T,Total,_Z,Not applicable,_Z,Not applicable,_Z,Not applicable,2019,,5.465,,,,,,,,,,,,0,Units,1,One
DATAFLOW,OECD.ELS.HD:DSD_SHA@DF_SHA(1.0),Health expenditure and financing,I,LUX,Luxembourg,A,Annual,EXP_HEALTH,Expenditure,PT_B1GQ,Percentage of GDP,_T,Total,_Z,Not application,_T,Total,_T,Total,_T,Total,_Z,Not applicable,_Z,Not applicable,_Z,Not applicable,2020,,5.765,,,,,,,,,,,,0,Units,1,One
DATAFLOW,OECD.ELS.HD:DSD_SHA@DF_SHA(1.0),Health expenditure and financing,I,LUX,Luxembourg,A,Annual,EXP_HEALTH,Expenditure,PT_B1GQ,Percentage of GDP,_T,Total,_Z,Not application,_T,Total,_T,Total,_T,Total,_Z,Not applicable,_Z,Not applicable,_Z,Not applicable,2022,,5.552,,,,,,,,,,,,0,Units,1,One
DATAFLOW,OECD.ELS.HD:DSD_SHA@DF_SHA(1.0),Health expenditure and financing,I,AUT,Austria,A,Annual,EXP_HEALTH,Expenditure,PT_B1GQ,Percentage of GDP,_T,Total,_Z,Not application,_T,Total,_T,Total,_T,Total,_Z,Not applicable,_Z,Not applicable,_Z,Not applicable,2019,,10.488,,,,,,,,,,,,0,Units,1,One
DATAFLOW,OECD.ELS.HD:DSD_SHA@DF_SHA(1.0),Health expenditure and financing,I,AUT,Austria,A,Annual,EXP_HEALTH,Expenditure,PT_B1GQ,Percentage of GDP,_T,Total,_Z,Not application,_T,Total,_T,Total,_T,Total,_Z,Not applicable,_Z,Not applicable,_Z,Not applicable,2020,,11.316,,,,,,,,,,,,0,Units,1,One
DATAFLOW,OECD.ELS.HD:DSD_SHA@DF_SHA(1.0),Health expenditure and financing,I,AUT,Austria,A,Annual,EXP_HEALTH,Expenditure,PT_B1GQ,Percentage of GDP,_T,Total,_Z,Not application,_T,Total,_T,Total,_T,Total,_Z,Not applicable,_Z,Not applicable,_Z,Not applicable,2021,,12.152,,,,,,,,,,,,0,Units,1,One
DATAFLOW,OECD.ELS.HD:DSD_SHA@DF_SHA(1.0),Health expenditure and financing,I,AUT,Austria,A,Annual,EXP_HEALTH,Expenditure,PT_B1GQ,Percentage of GDP,_T,Total,_Z,Not application,_T,Total,_T,Total,_T,Total,_Z,Not applicable,_Z,Not applicable,_Z,Not applicable,2022,,11.157,,,,,,,,,,,,0,Units,1,One
DATAFLOW,OECD.ELS.HD:DSD_SHA@DF_SHA(1.0),Health expenditure and financing,I,AUT,Austria,A,Annual,EXP_HEALTH,Expenditure,PT_B1GQ,Percentage of GDP,_T,Total,_Z,Not application,_T,Total,_T,Total,_T,Total,_Z,Not applicable,_Z,Not applicable,_Z,Not applicable,2018,,10.349,,,,,,,,,,,,0,Units,1,One
DATAFLOW,OECD.ELS.HD:DSD_SHA@DF_SHA(1.0),Health expenditure and financing,I,ISR,Israel,A,Annual,EXP_HEALTH,Expenditure,PT_B1GQ,Percentage of GDP,_T,Total,_Z,Not application,_T,Total,_T,Total,_T,Total,_Z,Not applicable,_Z,Not applicable,_Z,Not applicable,2019,,7.225,,,,,,,,,,,,0,Units,1,One
DATAFLOW,OECD.ELS.HD:DSD_SHA@DF_SHA(1.0),Health expenditure and financing,I,ISR,Israel,A,Annual,EXP_HEALTH,Expenditure,PT_B1GQ,Percentage of GDP,_T,Total,_Z,Not application,_T,Total,_T,Total,_T,Total,_Z,Not applicable,_Z,Not applicable,_Z,Not applicable,2021,,7.653,,,,,,,,,,,,0,Units,1,One
DATAFLOW,OECD.ELS.HD:DSD_SHA@DF_SHA(1.0),Health expenditure and financing,I,ISR,Israel,A,Annual,EXP_HEALTH,Expenditure,PT_B1GQ,Percentage of GDP,_T,Total,_Z,Not application,_T,Total,_T,Total,_T,Total,_Z,Not applicable,_Z,Not applicable,_Z,Not applicable,2020,,7.73,,,,,,P,Provisional value,,,,,0,Units,1,One
DATAFLOW,OECD.ELS.HD:DSD_SHA@DF_SHA(1.0),Health expenditure and financing,I,ISR,Israel,A,Annual,EXP_HEALTH,Expenditure,PT_B1GQ,Percentage of GDP,_T,Total,_Z,Not application,_T,Total,_T,Total,_T,Total,_Z,Not applicable,_Z,Not applicable,_Z,Not applicable,2022,,7.324,,,,,,D,Definition differs,P,Provisional value,,,0,Units,1,One
DATAFLOW,OECD.ELS.HD:DSD_SHA@DF_SHA(1.0),Health expenditure and financing,I,ISR,Israel,A,Annual,EXP_HEALTH,Expenditure,PT_B1GQ,Percentage of GDP,_T,Total,_Z,Not application,_T,Total,_T,Total,_T,Total,_Z,Not applicable,_Z,Not applicable,_Z,Not applicable,2018,,7.258,,,,,,,,,,,,0,Units,1,One
DATAFLOW,OECD.ELS.HD:DSD_SHA@DF_SHA(1.0),Health expenditure and financing,I,NLD,Netherlands,A,Annual,EXP_HEALTH,Expenditure,PT_B1GQ,Percentage of GDP,HF3,Household out-of-pocket payments,_Z,Not application,_T,Total,_T,Total,_T,Total,_Z,Not applicable,_Z,Not applicable,_Z,Not applicable,2019,,1.057,,,,,,,,,,,,0,Units,1,One
DATAFLOW,OECD.ELS.HD:DSD_SHA@DF_SHA(1.0),Health expenditure and financing,I,NLD,Netherlands,A,Annual,EXP_HEALTH,Expenditure,PT_B1GQ,Percentage of GDP,HF3,Household out-of-pocket payments,_Z,Not application,_T,Total,_T,Total,_T,Total,_Z,Not applicable,_Z,Not applicable,_Z,Not applicable,2020,,1.042,,,,,,,,,,,,0,Units,1,One
DATAFLOW,OECD.ELS.HD:DSD_SHA@DF_SHA(1.0),Health expenditure and financing,I,NLD,Netherlands,A,Annual,EXP_HEALTH,Expenditure,PT_B1GQ,Percentage of GDP,HF3,Household out-of-pocket payments,_Z,Not application,_T,Total,_T,Total,_T,Total,_Z,Not applicable,_Z,Not applicable,_Z,Not applicable,2021,,1.042,,,,,,,,,,,,0,Units,1,One
DATAFLOW,OECD.ELS.HD:DSD_SHA@DF_SHA(1.0),Health expenditure and financing,I,NLD,Netherlands,A,Annual,EXP_HEALTH,Expenditure,PT_B1GQ,Percentage of GDP,HF3,Household out-of-pocket payments,_Z,Not application,_T,Total,_T,Total,_T,Total,_Z,Not applicable,_Z,Not applicable,_Z,Not applicable,2022,,1.012,,,,,,,,,,,,0,Units,1,One
DATAFLOW,OECD.ELS.HD:DSD_SHA@DF_SHA(1.0),Health expenditure and financing,I,NLD,Netherlands,A,Annual,EXP_HEALTH,Expenditure,PT_B1GQ,Percentage of GDP,HF3,Household out-of-pocket payments,_Z,Not application,_T,Total,_T,Total,_T,Total,_Z,Not applicable,_Z,Not applicable,_Z,Not applicable,2018,,1.081,,,,,,,,,,,,0,Units,1,One
DATAFLOW,OECD.ELS.HD:DSD_SHA@DF_SHA(1.0),Health expenditure and financing,I,CAN,Canada,A,Annual,EXP_HEALTH,Expenditure,PT_B1GQ,Percentage of GDP,HF3,Household out-of-pocket payments,_Z,Not application,_T,Total,_T,Total,_T,Total,_Z,Not applicable,_Z,Not applicable,_Z,Not applicable,2022,,1.669,,,,,,P,Provisional value,,,,,0,Units,1,One
DATAFLOW,OECD.ELS.HD:DSD_SHA@DF_SHA(1.0),Health expenditure and financing,I,CAN,Canada,A,Annual,EXP_HEALTH,Expenditure,PT_B1GQ,Percentage of GDP,HF3,Household out-of-pocket payments,_Z,Not application,_T,Total,_T,Total,_T,Total,_Z,Not applicable,_Z,Not applicable,_Z,Not applicable,2018,,1.701,,,,,,,,,,,,0,Units,1,One
DATAFLOW,OECD.ELS.HD:DSD_SHA@DF_SHA(1.0),Health expenditure and financing,I,AUS,Australia,A,Annual,EXP_HEALTH,Expenditure,PT_B1GQ,Percentage of GDP,HF3,Household out-of-pocket payments,_Z,Not application,_T,Total,_T,Total,_T,Total,_Z,Not applicable,_Z,Not applicable,_Z,Not applicable,2018,,1.631,,,,,,,,,,,,0,Units,1,One
DATAFLOW,OECD.ELS.HD:DSD_SHA@DF_SHA(1.0),Health expenditure and financing,I,NZL,New Zealand,A,Annual,EXP_HEALTH,Expenditure,PT_B1GQ,Percentage of GDP,_T,Total,_Z,Not application,_T,Total,_T,Total,_T,Total,_Z,Not applicable,_Z,Not applicable,_Z,Not applicable,2021,,10.224,,,,,,E,Estimated value,,,,,0,Units,1,One
DATAFLOW,OECD.ELS.HD:DSD_SHA@DF_SHA(1.0),Health expenditure and financing,I,NZL,New Zealand,A,Annual,EXP_HEALTH,Expenditure,PT_B1GQ,Percentage of GDP,_T,Total,_Z,Not application,_T,Total,_T,Total,_T,Total,_Z,Not applicable,_Z,Not applicable,_Z,Not applicable,2022,,11.322,,,,,,E,Estimated value,,,,,0,Units,1,One
DATAFLOW,OECD.ELS.HD:DSD_SHA@DF_SHA(1.0),Health expenditure and financing,I,NZL,New Zealand,A,Annual,EXP_HEALTH,Expenditure,PT_B1GQ,Percentage of GDP,_T,Total,_Z,Not application,_T,Total,_T,Total,_T,Total,_Z,Not applicable,_Z,Not applicable,_Z,Not applicable,2019,,9.072,,,,,,E,Estimated value,,,,,0,Units,1,One
DATAFLOW,OECD.ELS.HD:DSD_SHA@DF_SHA(1.0),Health expenditure and financing,I,NZL,New Zealand,A,Annual,EXP_HEALTH,Expenditure,PT_B1GQ,Percentage of GDP,_T,Total,_Z,Not application,_T,Total,_T,Total,_T,Total,_Z,Not applicable,_Z,Not applicable,_Z,Not applicable,2018,,9.038,,,,,,P,Provisional value,,,,,0,Units,1,One
DATAFLOW,OECD.ELS.HD:DSD_SHA@DF_SHA(1.0),Health expenditure and financing,I,NZL,New Zealand,A,Annual,EXP_HEALTH,Expenditure,PT_B1GQ,Percentage of GDP,_T,Total,_Z,Not application,_T,Total,_T,Total,_T,Total,_Z,Not applicable,_Z,Not applicable,_Z,Not applicable,2020,,9.732,,,,,,E,Estimated value,,,,,0,Units,1,One
DATAFLOW,OECD.ELS.HD:DSD_SHA@DF_SHA(1.0),Health expenditure and financing,I,GBR,United Kingdom,A,Annual,EXP_HEALTH,Expenditure,PT_B1GQ,Percentage of GDP,HF3,Household out-of-pocket payments,_Z,Not application,_T,Total,_T,Total,_T,Total,_Z,Not applicable,_Z,Not applicable,_Z,Not applicable,2019,,1.573,,,,,,,,,,,,0,Units,1,One
DATAFLOW,OECD.ELS.HD:DSD_SHA@DF_SHA(1.0),Health expenditure and financing,I,GBR,United Kingdom,A,Annual,EXP_HEALTH,Expenditure,PT_B1GQ,Percentage of GDP,HF3,Household out-of-pocket payments,_Z,Not application,_T,Total,_T,Total,_T,Total,_Z,Not applicable,_Z,Not applicable,_Z,Not applicable,2020,,1.37,,,,,,,,,,,,0,Units,1,One
DATAFLOW,OECD.ELS.HD:DSD_SHA@DF_SHA(1.0),Health expenditure and financing,I,GBR,United Kingdom,A,Annual,EXP_HEALTH,Expenditure,PT_B1GQ,Percentage of GDP,HF3,Household out-of-pocket payments,_Z,Not application,_T,Total,_T,Total,_T,Total,_Z,Not applicable,_Z,Not applicable,_Z,Not applicable,2021,,1.489,,,,,,,,,,,,0,Units,1,One
DATAFLOW,OECD.ELS.HD:DSD_SHA@DF_SHA(1.0),Health expenditure and financing,I,GBR,United Kingdom,A,Annual,EXP_HEALTH,Expenditure,PT_B1GQ,Percentage of GDP,HF3,Household out-of-pocket payments,_Z,Not application,_T,Total,_T,Total,_T,Total,_Z,Not applicable,_Z,Not applicable,_Z,Not applicable,2022,,1.469,,,,,,,,,,,,0,Units,1,One
DATAFLOW,OECD.ELS.HD:DSD_SHA@DF_SHA(1.0),Health expenditure and financing,I,GBR,United Kingdom,A,Annual,EXP_HEALTH,Expenditure,PT_B1GQ,Percentage of GDP,HF3,Household out-of-pocket payments,_Z,Not application,_T,Total,_T,Total,_T,Total,_Z,Not applicable,_Z,Not applicable,_Z,Not applicable,2018,,1.525,,,,,,,,,,,,0,Units,1,One
DATAFLOW,OECD.ELS.HD:DSD_SHA@DF_SHA(1.0),Health expenditure and financing,I,SWE,Sweden,A,Annual,EXP_HEALTH,Expenditure,PT_B1GQ,Percentage of GDP,_T,Total,_Z,Not application,_T,Total,_T,Total,_T,Total,_Z,Not applicable,_Z,Not applicable,_Z,Not applicable,2022,,10.522,,,,,,,,,,,,0,Units,1,One
DATAFLOW,OECD.ELS.HD:DSD_SHA@DF_SHA(1.0),Health expenditure and financing,I,SWE,Sweden,A,Annual,EXP_HEALTH,Expenditure,PT_B1GQ,Percentage of GDP,_T,Total,_Z,Not application,_T,Total,_T,Total,_T,Total,_Z,Not applicable,_Z,Not applicable,_Z,Not applicable,2018,,10.941,,,,,,,,,,,,0,Units,1,One
DATAFLOW,OECD.ELS.HD:DSD_SHA@DF_SHA(1.0),Health expenditure and financing,I,SWE,Sweden,A,Annual,EXP_HEALTH,Expenditure,PT_B1GQ,Percentage of GDP,_T,Total,_Z,Not application,_T,Total,_T,Total,_T,Total,_Z,Not applicable,_Z,Not applicable,_Z,Not applicable,2019,,10.832,,,,,,,,,,,,0,Units,1,One
DATAFLOW,OECD.ELS.HD:DSD_SHA@DF_SHA(1.0),Health expenditure and financing,I,SWE,Sweden,A,Annual,EXP_HEALTH,Expenditure,PT_B1GQ,Percentage of GDP,_T,Total,_Z,Not application,_T,Total,_T,Total,_T,Total,_Z,Not applicable,_Z,Not applicable,_Z,Not applicable,2020,,11.333,,,,,,,,,,,,0,Units,1,One
DATAFLOW,OECD.ELS.HD:DSD_SHA@DF_SHA(1.0),Health expenditure and financing,I,SWE,Sweden,A,Annual,EXP_HEALTH,Expenditure,PT_B1GQ,Percentage of GDP,_T,Total,_Z,Not application,_T,Total,_T,Total,_T,Total,_Z,Not applicable,_Z,Not applicable,_Z,Not applicable,2021,,11.102,,,,,,,,,,,,0,Units,1,One
DATAFLOW,OECD.ELS.HD:DSD_SHA@DF_SHA(1.0),Health expenditure and financing,I,CHE,Switzerland,A,Annual,EXP_HEALTH,Expenditure,PT_B1GQ,Percentage of GDP,HF3,Household out-of-pocket payments,_Z,Not application,_T,Total,_T,Total,_T,Total,_Z,Not applicable,_Z,Not applicable,_Z,Not applicable,2019,,2.502,,,,,,,,,,,,0,Units,1,One
DATAFLOW,OECD.ELS.HD:DSD_SHA@DF_SHA(1.0),Health expenditure and financing,I,CHE,Switzerland,A,Annual,EXP_HEALTH,Expenditure,PT_B1GQ,Percentage of GDP,HF3,Household out-of-pocket payments,_Z,Not application,_T,Total,_T,Total,_T,Total,_Z,Not applicable,_Z,Not applicable,_Z,Not applicable,2020,,2.479,,,,,,,,,,,,0,Units,1,One
DATAFLOW,OECD.ELS.HD:DSD_SHA@DF_SHA(1.0),Health expenditure and financing,I,CHE,Switzerland,A,Annual,EXP_HEALTH,Expenditure,PT_B1GQ,Percentage of GDP,HF3,Household out-of-pocket payments,_Z,Not application,_T,Total,_T,Total,_T,Total,_Z,Not applicable,_Z,Not applicable,_Z,Not applicable,2021,,2.556,,,,,,,,,,,,0,Units,1,One
DATAFLOW,OECD.ELS.HD:DSD_SHA@DF_SHA(1.0),Health expenditure and financing,I,CHE,Switzerland,A,Annual,EXP_HEALTH,Expenditure,PT_B1GQ,Percentage of GDP,HF3,Household out-of-pocket payments,_Z,Not application,_T,Total,_T,Total,_T,Total,_Z,Not applicable,_Z,Not applicable,_Z,Not applicable,2022,,2.527,,,,,,,,,,,,0,Units,1,One
DATAFLOW,OECD.ELS.HD:DSD_SHA@DF_SHA(1.0),Health expenditure and financing,I,CHE,Switzerland,A,Annual,EXP_HEALTH,Expenditure,PT_B1GQ,Percentage of GDP,HF3,Household out-of-pocket payments,_Z,Not application,_T,Total,_T,Total,_T,Total,_Z,Not applicable,_Z,Not applicable,_Z,Not applicable,2018,,2.458,,,,,,,,,,,,0,Units,1,One
DATAFLOW,OECD.ELS.HD:DSD_SHA@DF_SHA(1.0),Health expenditure and financing,I,CHE,Switzerland,A,Annual,EXP_HEALTH,Expenditure,PT_B1GQ,Percentage of GDP,_T,Total,_Z,Not application,_T,Total,_T,Total,_T,Total,_Z,Not applicable,_Z,Not applicable,_Z,Not applicable,2019,,11.426,,,,,,,,,,,,0,Units,1,One
DATAFLOW,OECD.ELS.HD:DSD_SHA@DF_SHA(1.0),Health expenditure and financing,I,CHE,Switzerland,A,Annual,EXP_HEALTH,Expenditure,PT_B1GQ,Percentage of GDP,_T,Total,_Z,Not application,_T,Total,_T,Total,_T,Total,_Z,Not applicable,_Z,Not applicable,_Z,Not applicable,2020,,12.004,,,,,,,,,,,,0,Units,1,One
DATAFLOW,OECD.ELS.HD:DSD_SHA@DF_SHA(1.0),Health expenditure and financing,I,CHE,Switzerland,A,Annual,EXP_HEALTH,Expenditure,PT_B1GQ,Percentage of GDP,_T,Total,_Z,Not application,_T,Total,_T,Total,_T,Total,_Z,Not applicable,_Z,Not applicable,_Z,Not applicable,2021,,12.005,,,,,,,,,,,,0,Units,1,One
DATAFLOW,OECD.ELS.HD:DSD_SHA@DF_SHA(1.0),Health expenditure and financing,I,CHE,Switzerland,A,Annual,EXP_HEALTH,Expenditure,PT_B1GQ,Percentage of GDP,_T,Total,_Z,Not application,_T,Total,_T,Total,_T,Total,_Z,Not applicable,_Z,Not applicable,_Z,Not applicable,2022,,11.707,,,,,,,,,,,,0,Units,1,One
DATAFLOW,OECD.ELS.HD:DSD_SHA@DF_SHA(1.0),Health expenditure and financing,I,CHE,Switzerland,A,Annual,EXP_HEALTH,Expenditure,PT_B1GQ,Percentage of GDP,_T,Total,_Z,Not application,_T,Total,_T,Total,_T,Total,_Z,Not applicable,_Z,Not applicable,_Z,Not applicable,2018,,11.199,,,,,,,,,,,,0,Units,1,One
DATAFLOW,OECD.ELS.HD:DSD_SHA@DF_SHA(1.0),Health expenditure and financing,I,CRI,Costa Rica,A,Annual,EXP_HEALTH,Expenditure,PT_B1GQ,Percentage of GDP,HF3,Household out-of-pocket payments,_Z,Not application,_T,Total,_T,Total,_T,Total,_Z,Not applicable,_Z,Not applicable,_Z,Not applicable,2020,,1.588,,,,,,,,,,,,0,Units,1,One
DATAFLOW,OECD.ELS.HD:DSD_SHA@DF_SHA(1.0),Health expenditure and financing,I,CRI,Costa Rica,A,Annual,EXP_HEALTH,Expenditure,PT_B1GQ,Percentage of GDP,HF3,Household out-of-pocket payments,_Z,Not application,_T,Total,_T,Total,_T,Total,_Z,Not applicable,_Z,Not applicable,_Z,Not applicable,2021,,1.562,,,,,,,,,,,,0,Units,1,One
DATAFLOW,OECD.ELS.HD:DSD_SHA@DF_SHA(1.0),Health expenditure and financing,I,CRI,Costa Rica,A,Annual,EXP_HEALTH,Expenditure,PT_B1GQ,Percentage of GDP,HF3,Household out-of-pocket payments,_Z,Not application,_T,Total,_T,Total,_T,Total,_Z,Not applicable,_Z,Not applicable,_Z,Not applicable,2022,,1.612,,,,,,,,,,,,0,Units,1,One
DATAFLOW,OECD.ELS.HD:DSD_SHA@DF_SHA(1.0),Health expenditure and financing,I,CRI,Costa Rica,A,Annual,EXP_HEALTH,Expenditure,PT_B1GQ,Percentage of GDP,HF3,Household out-of-pocket payments,_Z,Not application,_T,Total,_T,Total,_T,Total,_Z,Not applicable,_Z,Not applicable,_Z,Not applicable,2018,,1.633,,,,,,B,Time series break,,,,,0,Units,1,One
DATAFLOW,OECD.ELS.HD:DSD_SHA@DF_SHA(1.0),Health expenditure and financing,I,CRI,Costa Rica,A,Annual,EXP_HEALTH,Expenditure,PT_B1GQ,Percentage of GDP,HF3,Household out-of-pocket payments,_Z,Not application,_T,Total,_T,Total,_T,Total,_Z,Not applicable,_Z,Not applicable,_Z,Not applicable,2019,,1.612,,,,,,,,,,,,0,Units,1,One
DATAFLOW,OECD.ELS.HD:DSD_SHA@DF_SHA(1.0),Health expenditure and financing,I,AUS,Australia,A,Annual,EXP_HEALTH,Expenditure,PT_B1GQ,Percentage of GDP,_T,Total,_Z,Not application,_T,Total,_T,Total,_T,Total,_Z,Not applicable,_Z,Not applicable,_Z,Not applicable,2019,,10.213,,,,,,,,,,,,0,Units,1,One
DATAFLOW,OECD.ELS.HD:DSD_SHA@DF_SHA(1.0),Health expenditure and financing,I,AUS,Australia,A,Annual,EXP_HEALTH,Expenditure,PT_B1GQ,Percentage of GDP,_T,Total,_Z,Not application,_T,Total,_T,Total,_T,Total,_Z,Not applicable,_Z,Not applicable,_Z,Not applicable,2020,,10.66,,,,,,,,,,,,0,Units,1,One
DATAFLOW,OECD.ELS.HD:DSD_SHA@DF_SHA(1.0),Health expenditure and financing,I,AUS,Australia,A,Annual,EXP_HEALTH,Expenditure,PT_B1GQ,Percentage of GDP,_T,Total,_Z,Not application,_T,Total,_T,Total,_T,Total,_Z,Not applicable,_Z,Not applicable,_Z,Not applicable,2021,,10.425,,,,,,,,,,,,0,Units,1,One
DATAFLOW,OECD.ELS.HD:DSD_SHA@DF_SHA(1.0),Health expenditure and financing,I,AUS,Australia,A,Annual,EXP_HEALTH,Expenditure,PT_B1GQ,Percentage of GDP,_T,Total,_Z,Not application,_T,Total,_T,Total,_T,Total,_Z,Not applicable,_Z,Not applicable,_Z,Not applicable,2022,,9.927,,,,,,P,Provisional value,,,,,0,Units,1,One
DATAFLOW,OECD.ELS.HD:DSD_SHA@DF_SHA(1.0),Health expenditure and financing,I,AUS,Australia,A,Annual,EXP_HEALTH,Expenditure,PT_B1GQ,Percentage of GDP,_T,Total,_Z,Not application,_T,Total,_T,Total,_T,Total,_Z,Not applicable,_Z,Not applicable,_Z,Not applicable,2018,,10.052,,,,,,,,,,,,0,Units,1,One
DATAFLOW,OECD.ELS.HD:DSD_SHA@DF_SHA(1.0),Health expenditure and financing,I,NOR,Norway,A,Annual,EXP_HEALTH,Expenditure,PT_B1GQ,Percentage of GDP,HF3,Household out-of-pocket payments,_Z,Not application,_T,Total,_T,Total,_T,Total,_Z,Not applicable,_Z,Not applicable,_Z,Not applicable,2018,,1.391,,,,,,,,,,,,0,Units,1,One
DATAFLOW,OECD.ELS.HD:DSD_SHA@DF_SHA(1.0),Health expenditure and financing,I,NOR,Norway,A,Annual,EXP_HEALTH,Expenditure,PT_B1GQ,Percentage of GDP,HF3,Household out-of-pocket payments,_Z,Not application,_T,Total,_T,Total,_T,Total,_Z,Not applicable,_Z,Not applicable,_Z,Not applicable,2019,,1.453,,,,,,,,,,,,0,Units,1,One
DATAFLOW,OECD.ELS.HD:DSD_SHA@DF_SHA(1.0),Health expenditure and financing,I,NOR,Norway,A,Annual,EXP_HEALTH,Expenditure,PT_B1GQ,Percentage of GDP,HF3,Household out-of-pocket payments,_Z,Not application,_T,Total,_T,Total,_T,Total,_Z,Not applicable,_Z,Not applicable,_Z,Not applicable,2020,,1.575,,,,,,,,,,,,0,Units,1,One
DATAFLOW,OECD.ELS.HD:DSD_SHA@DF_SHA(1.0),Health expenditure and financing,I,LUX,Luxembourg,A,Annual,EXP_HEALTH,Expenditure,PT_B1GQ,Percentage of GDP,_T,Total,_Z,Not application,_T,Total,_T,Total,_T,Total,_Z,Not applicable,_Z,Not applicable,_Z,Not applicable,2021,,5.661,,,,,,,,,,,,0,Units,1,One
DATAFLOW,OECD.ELS.HD:DSD_SHA@DF_SHA(1.0),Health expenditure and financing,I,SWE,Sweden,A,Annual,EXP_HEALTH,Expenditure,PT_B1GQ,Percentage of GDP,HF3,Household out-of-pocket payments,_Z,Not application,_T,Total,_T,Total,_T,Total,_Z,Not applicable,_Z,Not applicable,_Z,Not applicable,2018,,1.527,,,,,,,,,,,,0,Units,1,One
DATAFLOW,OECD.ELS.HD:DSD_SHA@DF_SHA(1.0),Health expenditure and financing,I,CAN,Canada,A,Annual,EXP_HEALTH,Expenditure,PT_B1GQ,Percentage of GDP,HF3,Household out-of-pocket payments,_Z,Not application,_T,Total,_T,Total,_T,Total,_Z,Not applicable,_Z,Not applicable,_Z,Not applicable,2019,,1.711,,,,,,,,,,,,0,Units,1,One
DATAFLOW,OECD.ELS.HD:DSD_SHA@DF_SHA(1.0),Health expenditure and financing,I,LUX,Luxembourg,A,Annual,EXP_HEALTH,Expenditure,PT_B1GQ,Percentage of GDP,_T,Total,_Z,Not application,_T,Total,_T,Total,_T,Total,_Z,Not applicable,_Z,Not applicable,_Z,Not applicable,2018,,5.28,,,,,,,,,,,,0,Units,1,One
DATAFLOW,OECD.ELS.HD:DSD_SHA@DF_SHA(1.0),Health expenditure and financing,I,ISL,Iceland,A,Annual,EXP_HEALTH,Expenditure,PT_B1GQ,Percentage of GDP,_T,Total,_Z,Not application,_T,Total,_T,Total,_T,Total,_Z,Not applicable,_Z,Not applicable,_Z,Not applicable,2021,,9.71,,,,,,,,,,,,0,Units,1,One
DATAFLOW,OECD.ELS.HD:DSD_SHA@DF_SHA(1.0),Health expenditure and financing,I,ISL,Iceland,A,Annual,EXP_HEALTH,Expenditure,PT_B1GQ,Percentage of GDP,_T,Total,_Z,Not application,_T,Total,_T,Total,_T,Total,_Z,Not applicable,_Z,Not applicable,_Z,Not applicable,2022,,9.08,,,,,,,,,,,,0,Units,1,One
DATAFLOW,OECD.ELS.HD:DSD_SHA@DF_SHA(1.0),Health expenditure and financing,I,ISL,Iceland,A,Annual,EXP_HEALTH,Expenditure,PT_B1GQ,Percentage of GDP,_T,Total,_Z,Not application,_T,Total,_T,Total,_T,Total,_Z,Not applicable,_Z,Not applicable,_Z,Not applicable,2018,,8.438,,,,,,,,,,,,0,Units,1,One
DATAFLOW,OECD.ELS.HD:DSD_SHA@DF_SHA(1.0),Health expenditure and financing,I,DNK,Denmark,A,Annual,EXP_HEALTH,Expenditure,PT_B1GQ,Percentage of GDP,_T,Total,_Z,Not application,_T,Total,_T,Total,_T,Total,_Z,Not applicable,_Z,Not applicable,_Z,Not applicable,2019,,10.152,,,,,,,,,,,,0,Units,1,One
DATAFLOW,OECD.ELS.HD:DSD_SHA@DF_SHA(1.0),Health expenditure and financing,I,DNK,Denmark,A,Annual,EXP_HEALTH,Expenditure,PT_B1GQ,Percentage of GDP,_T,Total,_Z,Not application,_T,Total,_T,Total,_T,Total,_Z,Not applicable,_Z,Not applicable,_Z,Not applicable,2020,,10.719,,,,,,,,,,,,0,Units,1,One
DATAFLOW,OECD.ELS.HD:DSD_SHA@DF_SHA(1.0),Health expenditure and financing,I,DNK,Denmark,A,Annual,EXP_HEALTH,Expenditure,PT_B1GQ,Percentage of GDP,_T,Total,_Z,Not application,_T,Total,_T,Total,_T,Total,_Z,Not applicable,_Z,Not applicable,_Z,Not applicable,2021,,10.747,,,,,,,,,,,,0,Units,1,One
DATAFLOW,OECD.ELS.HD:DSD_SHA@DF_SHA(1.0),Health expenditure and financing,I,DNK,Denmark,A,Annual,EXP_HEALTH,Expenditure,PT_B1GQ,Percentage of GDP,_T,Total,_Z,Not application,_T,Total,_T,Total,_T,Total,_Z,Not applicable,_Z,Not applicable,_Z,Not applicable,2022,,9.476,,,,,,,,,,,,0,Units,1,One
DATAFLOW,OECD.ELS.HD:DSD_SHA@DF_SHA(1.0),Health expenditure and financing,I,DNK,Denmark,A,Annual,EXP_HEALTH,Expenditure,PT_B1GQ,Percentage of GDP,_T,Total,_Z,Not application,_T,Total,_T,Total,_T,Total,_Z,Not applicable,_Z,Not applicable,_Z,Not applicable,2018,,10.098,,,,,,,,,,,,0,Units,1,One
DATAFLOW,OECD.ELS.HD:DSD_SHA@DF_SHA(1.0),Health expenditure and financing,I,CAN,Canada,A,Annual,EXP_HEALTH,Expenditure,PT_B1GQ,Percentage of GDP,_T,Total,_Z,Not application,_T,Total,_T,Total,_T,Total,_Z,Not applicable,_Z,Not applicable,_Z,Not applicable,2019,,11.059,,,,,,,,,,,,0,Units,1,One
DATAFLOW,OECD.ELS.HD:DSD_SHA@DF_SHA(1.0),Health expenditure and financing,I,CAN,Canada,A,Annual,EXP_HEALTH,Expenditure,PT_B1GQ,Percentage of GDP,_T,Total,_Z,Not application,_T,Total,_T,Total,_T,Total,_Z,Not applicable,_Z,Not applicable,_Z,Not applicable,2020,,13.024,,,,,,D,Definition differs,,,,,0,Units,1,One
DATAFLOW,OECD.ELS.HD:DSD_SHA@DF_SHA(1.0),Health expenditure and financing,I,CAN,Canada,A,Annual,EXP_HEALTH,Expenditure,PT_B1GQ,Percentage of GDP,_T,Total,_Z,Not application,_T,Total,_T,Total,_T,Total,_Z,Not applicable,_Z,Not applicable,_Z,Not applicable,2021,,12.419,,,,,,D,Definition differs,,,,,0,Units,1,One
DATAFLOW,OECD.ELS.HD:DSD_SHA@DF_SHA(1.0),Health expenditure and financing,I,CAN,Canada,A,Annual,EXP_HEALTH,Expenditure,PT_B1GQ,Percentage of GDP,_T,Total,_Z,Not application,_T,Total,_T,Total,_T,Total,_Z,Not applicable,_Z,Not applicable,_Z,Not applicable,2022,,11.234,,,,,,D,Definition differs,P,Provisional value,,,0,Units,1,One
DATAFLOW,OECD.ELS.HD:DSD_SHA@DF_SHA(1.0),Health expenditure and financing,I,CAN,Canada,A,Annual,EXP_HEALTH,Expenditure,PT_B1GQ,Percentage of GDP,_T,Total,_Z,Not application,_T,Total,_T,Total,_T,Total,_Z,Not applicable,_Z,Not applicable,_Z,Not applicable,2018,,10.943,,,,,,,,,,,,0,Units,1,One
DATAFLOW,OECD.ELS.HD:DSD_SHA@DF_SHA(1.0),Health expenditure and financing,I,LUX,Luxembourg,A,Annual,EXP_HEALTH,Expenditure,PT_B1GQ,Percentage of GDP,HF3,Household out-of-pocket payments,_Z,Not application,_T,Total,_T,Total,_T,Total,_Z,Not applicable,_Z,Not applicable,_Z,Not applicable,2019,,0.524,,,,,,,,,,,,0,Units,1,One
DATAFLOW,OECD.ELS.HD:DSD_SHA@DF_SHA(1.0),Health expenditure and financing,I,LUX,Luxembourg,A,Annual,EXP_HEALTH,Expenditure,PT_B1GQ,Percentage of GDP,HF3,Household out-of-pocket payments,_Z,Not application,_T,Total,_T,Total,_T,Total,_Z,Not applicable,_Z,Not applicable,_Z,Not applicable,2020,,0.484,,,,,,,,,,,,0,Units,1,One
DATAFLOW,OECD.ELS.HD:DSD_SHA@DF_SHA(1.0),Health expenditure and financing,I,LUX,Luxembourg,A,Annual,EXP_HEALTH,Expenditure,PT_B1GQ,Percentage of GDP,HF3,Household out-of-pocket payments,_Z,Not application,_T,Total,_T,Total,_T,Total,_Z,Not applicable,_Z,Not applicable,_Z,Not applicable,2021,,0.498,,,,,,,,,,,,0,Units,1,One
DATAFLOW,OECD.ELS.HD:DSD_SHA@DF_SHA(1.0),Health expenditure and financing,I,LUX,Luxembourg,A,Annual,EXP_HEALTH,Expenditure,PT_B1GQ,Percentage of GDP,HF3,Household out-of-pocket payments,_Z,Not application,_T,Total,_T,Total,_T,Total,_Z,Not applicable,_Z,Not applicable,_Z,Not applicable,2022,,0.481,,,,,,,,,,,,0,Units,1,One
DATAFLOW,OECD.ELS.HD:DSD_SHA@DF_SHA(1.0),Health expenditure and financing,I,LUX,Luxembourg,A,Annual,EXP_HEALTH,Expenditure,PT_B1GQ,Percentage of GDP,HF3,Household out-of-pocket payments,_Z,Not application,_T,Total,_T,Total,_T,Total,_Z,Not applicable,_Z,Not applicable,_Z,Not applicable,2018,,0.551,,,,,,,,,,,,0,Units,1,One
DATAFLOW,OECD.ELS.HD:DSD_SHA@DF_SHA(1.0),Health expenditure and financing,I,FIN,Finland,A,Annual,EXP_HEALTH,Expenditure,PT_B1GQ,Percentage of GDP,_T,Total,_Z,Not application,_T,Total,_T,Total,_T,Total,_Z,Not applicable,_Z,Not applicable,_Z,Not applicable,2019,,9.171,,,,,,,,,,,,0,Units,1,One
DATAFLOW,OECD.ELS.HD:DSD_SHA@DF_SHA(1.0),Health expenditure and financing,I,FIN,Finland,A,Annual,EXP_HEALTH,Expenditure,PT_B1GQ,Percentage of GDP,_T,Total,_Z,Not application,_T,Total,_T,Total,_T,Total,_Z,Not applicable,_Z,Not applicable,_Z,Not applicable,2020,,9.632,,,,,,,,,,,,0,Units,1,One
DATAFLOW,OECD.ELS.HD:DSD_SHA@DF_SHA(1.0),Health expenditure and financing,I,FIN,Finland,A,Annual,EXP_HEALTH,Expenditure,PT_B1GQ,Percentage of GDP,_T,Total,_Z,Not application,_T,Total,_T,Total,_T,Total,_Z,Not applicable,_Z,Not applicable,_Z,Not applicable,2021,,9.835,,,,,,,,,,,,0,Units,1,One
DATAFLOW,OECD.ELS.HD:DSD_SHA@DF_SHA(1.0),Health expenditure and financing,I,FIN,Finland,A,Annual,EXP_HEALTH,Expenditure,PT_B1GQ,Percentage of GDP,_T,Total,_Z,Not application,_T,Total,_T,Total,_T,Total,_Z,Not applicable,_Z,Not applicable,_Z,Not applicable,2022,,9.685,,,,,,,,,,,,0,Units,1,One
DATAFLOW,OECD.ELS.HD:DSD_SHA@DF_SHA(1.0),Health expenditure and financing,I,FIN,Finland,A,Annual,EXP_HEALTH,Expenditure,PT_B1GQ,Percentage of GDP,_T,Total,_Z,Not application,_T,Total,_T,Total,_T,Total,_Z,Not applicable,_Z,Not applicable,_Z,Not applicable,2018,,9.043,,,,,,,,,,,,0,Units,1,One
DATAFLOW,OECD.ELS.HD:DSD_SHA@DF_SHA(1.0),Health expenditure and financing,I,DNK,Denmark,A,Annual,EXP_HEALTH,Expenditure,PT_B1GQ,Percentage of GDP,HF3,Household out-of-pocket payments,_Z,Not application,_T,Total,_T,Total,_T,Total,_Z,Not applicable,_Z,Not applicable,_Z,Not applicable,2019,,1.4,,,,,,,,,,,,0,Units,1,One
DATAFLOW,OECD.ELS.HD:DSD_SHA@DF_SHA(1.0),Health expenditure and financing,I,DNK,Denmark,A,Annual,EXP_HEALTH,Expenditure,PT_B1GQ,Percentage of GDP,HF3,Household out-of-pocket payments,_Z,Not application,_T,Total,_T,Total,_T,Total,_Z,Not applicable,_Z,Not applicable,_Z,Not applicable,2020,,1.434,,,,,,,,,,,,0,Units,1,One
DATAFLOW,OECD.ELS.HD:DSD_SHA@DF_SHA(1.0),Health expenditure and financing,I,DNK,Denmark,A,Annual,EXP_HEALTH,Expenditure,PT_B1GQ,Percentage of GDP,HF3,Household out-of-pocket payments,_Z,Not application,_T,Total,_T,Total,_T,Total,_Z,Not applicable,_Z,Not applicable,_Z,Not applicable,2021,,1.365,,,,,,,,,,,,0,Units,1,One
DATAFLOW,OECD.ELS.HD:DSD_SHA@DF_SHA(1.0),Health expenditure and financing,I,DNK,Denmark,A,Annual,EXP_HEALTH,Expenditure,PT_B1GQ,Percentage of GDP,HF3,Household out-of-pocket payments,_Z,Not application,_T,Total,_T,Total,_T,Total,_Z,Not applicable,_Z,Not applicable,_Z,Not applicable,2022,,1.235,,,,,,,,,,,,0,Units,1,One
DATAFLOW,OECD.ELS.HD:DSD_SHA@DF_SHA(1.0),Health expenditure and financing,I,DNK,Denmark,A,Annual,EXP_HEALTH,Expenditure,PT_B1GQ,Percentage of GDP,HF3,Household out-of-pocket payments,_Z,Not application,_T,Total,_T,Total,_T,Total,_Z,Not applicable,_Z,Not applicable,_Z,Not applicable,2018,,1.396,,,,,,,,,,,,0,Units,1,One
DATAFLOW,OECD.ELS.HD:DSD_SHA@DF_SHA(1.0),Health expenditure and financing,I,NZL,New Zealand,A,Annual,EXP_HEALTH,Expenditure,PT_B1GQ,Percentage of GDP,HF3,Household out-of-pocket payments,_Z,Not application,_T,Total,_T,Total,_T,Total,_Z,Not applicable,_Z,Not applicable,_Z,Not applicable,2018,,1.167,,,,,,P,Provisional value,,,,,0,Units,1,One
DATAFLOW,OECD.ELS.HD:DSD_SHA@DF_SHA(1.0),Health expenditure and financing,I,IRL,Ireland,A,Annual,EXP_HEALTH,Expenditure,PT_B1GQ,Percentage of GDP,_T,Total,_Z,Not application,_T,Total,_T,Total,_T,Total,_Z,Not applicable,_Z,Not applicable,_Z,Not applicable,2019,,6.716,,,,,,,,,,,,0,Units,1,One
DATAFLOW,OECD.ELS.HD:DSD_SHA@DF_SHA(1.0),Health expenditure and financing,I,IRL,Ireland,A,Annual,EXP_HEALTH,Expenditure,PT_B1GQ,Percentage of GDP,_T,Total,_Z,Not application,_T,Total,_T,Total,_T,Total,_Z,Not applicable,_Z,Not applicable,_Z,Not applicable,2020,,7.063,,,,,,,,,,,,0,Units,1,One
DATAFLOW,OECD.ELS.HD:DSD_SHA@DF_SHA(1.0),Health expenditure and financing,I,IRL,Ireland,A,Annual,EXP_HEALTH,Expenditure,PT_B1GQ,Percentage of GDP,_T,Total,_Z,Not application,_T,Total,_T,Total,_T,Total,_Z,Not applicable,_Z,Not applicable,_Z,Not applicable,2021,,6.596,,,,,,,,,,,,0,Units,1,One
DATAFLOW,OECD.ELS.HD:DSD_SHA@DF_SHA(1.0),Health expenditure and financing,I,IRL,Ireland,A,Annual,EXP_HEALTH,Expenditure,PT_B1GQ,Percentage of GDP,_T,Total,_Z,Not application,_T,Total,_T,Total,_T,Total,_Z,Not applicable,_Z,Not applicable,_Z,Not applicable,2022,,6.12,,,,,,,,,,,,0,Units,1,One
DATAFLOW,OECD.ELS.HD:DSD_SHA@DF_SHA(1.0),Health expenditure and financing,I,IRL,Ireland,A,Annual,EXP_HEALTH,Expenditure,PT_B1GQ,Percentage of GDP,_T,Total,_Z,Not application,_T,Total,_T,Total,_T,Total,_Z,Not applicable,_Z,Not applicable,_Z,Not applicable,2018,,6.859,,,,,,,,,,,,0,Units,1,One
DATAFLOW,OECD.ELS.HD:DSD_SHA@DF_SHA(1.0),Health expenditure and financing,I,NLD,Netherlands,A,Annual,EXP_HEALTH,Expenditure,PT_B1GQ,Percentage of GDP,_T,Total,_Z,Not application,_T,Total,_T,Total,_T,Total,_Z,Not applicable,_Z,Not applicable,_Z,Not applicable,2020,,11.224,,,,,,,,,,,,0,Units,1,One
DATAFLOW,OECD.ELS.HD:DSD_SHA@DF_SHA(1.0),Health expenditure and financing,I,NLD,Netherlands,A,Annual,EXP_HEALTH,Expenditure,PT_B1GQ,Percentage of GDP,_T,Total,_Z,Not application,_T,Total,_T,Total,_T,Total,_Z,Not applicable,_Z,Not applicable,_Z,Not applicable,2021,,11.125,,,,,,,,,,,,0,Units,1,One
DATAFLOW,OECD.ELS.HD:DSD_SHA@DF_SHA(1.0),Health expenditure and financing,I,NLD,Netherlands,A,Annual,EXP_HEALTH,Expenditure,PT_B1GQ,Percentage of GDP,_T,Total,_Z,Not application,_T,Total,_T,Total,_T,Total,_Z,Not applicable,_Z,Not applicable,_Z,Not applicable,2022,,10.101,,,,,,,,,,,,0,Units,1,One
DATAFLOW,OECD.ELS.HD:DSD_SHA@DF_SHA(1.0),Health expenditure and financing,I,NLD,Netherlands,A,Annual,EXP_HEALTH,Expenditure,PT_B1GQ,Percentage of GDP,_T,Total,_Z,Not application,_T,Total,_T,Total,_T,Total,_Z,Not applicable,_Z,Not applicable,_Z,Not applicable,2018,,10.02,,,,,,,,,,,,0,Units,1,One
DATAFLOW,OECD.ELS.HD:DSD_SHA@DF_SHA(1.0),Health expenditure and financing,I,NLD,Netherlands,A,Annual,EXP_HEALTH,Expenditure,PT_B1GQ,Percentage of GDP,_T,Total,_Z,Not application,_T,Total,_T,Total,_T,Total,_Z,Not applicable,_Z,Not applicable,_Z,Not applicable,2019,,10.14,,,,,,,,,,,,0,Units,1,One
DATAFLOW,OECD.ELS.HD:DSD_SHA@DF_SHA(1.0),Health expenditure and financing,I,AUT,Austria,A,Annual,EXP_HEALTH,Expenditure,PT_B1GQ,Percentage of GDP,HF3,Household out-of-pocket payments,_Z,Not application,_T,Total,_T,Total,_T,Total,_Z,Not applicable,_Z,Not applicable,_Z,Not applicable,2019,,1.879,,,,,,D,Definition differs,,,,,0,Units,1,One
DATAFLOW,OECD.ELS.HD:DSD_SHA@DF_SHA(1.0),Health expenditure and financing,I,AUT,Austria,A,Annual,EXP_HEALTH,Expenditure,PT_B1GQ,Percentage of GDP,HF3,Household out-of-pocket payments,_Z,Not application,_T,Total,_T,Total,_T,Total,_Z,Not applicable,_Z,Not applicable,_Z,Not applicable,2020,,1.864,,,,,,D,Definition differs,,,,,0,Units,1,One
DATAFLOW,OECD.ELS.HD:DSD_SHA@DF_SHA(1.0),Health expenditure and financing,I,AUT,Austria,A,Annual,EXP_HEALTH,Expenditure,PT_B1GQ,Percentage of GDP,HF3,Household out-of-pocket payments,_Z,Not application,_T,Total,_T,Total,_T,Total,_Z,Not applicable,_Z,Not applicable,_Z,Not applicable,2021,,1.912,,,,,,D,Definition differs,,,,,0,Units,1,One
DATAFLOW,OECD.ELS.HD:DSD_SHA@DF_SHA(1.0),Health expenditure and financing,I,AUT,Austria,A,Annual,EXP_HEALTH,Expenditure,PT_B1GQ,Percentage of GDP,HF3,Household out-of-pocket payments,_Z,Not application,_T,Total,_T,Total,_T,Total,_Z,Not applicable,_Z,Not applicable,_Z,Not applicable,2018,,1.907,,,,,,,,,,,,0,Units,1,One
DATAFLOW,OECD.ELS.HD:DSD_SHA@DF_SHA(1.0),Health expenditure and financing,I,AUT,Austria,A,Annual,EXP_HEALTH,Expenditure,PT_B1GQ,Percentage of GDP,HF3,Household out-of-pocket payments,_Z,Not application,_T,Total,_T,Total,_T,Total,_Z,Not applicable,_Z,Not applicable,_Z,Not applicable,2022,,1.784,,,,,,D,Definition differs,,,,,0,Units,1,One
DATAFLOW,OECD.ELS.HD:DSD_SHA@DF_SHA(1.0),Health expenditure and financing,I,GBR,United Kingdom,A,Annual,EXP_HEALTH,Expenditure,PT_B1GQ,Percentage of GDP,_T,Total,_Z,Not application,_T,Total,_T,Total,_T,Total,_Z,Not applicable,_Z,Not applicable,_Z,Not applicable,2019,,9.954,,,,,,,,,,,,0,Units,1,One
DATAFLOW,OECD.ELS.HD:DSD_SHA@DF_SHA(1.0),Health expenditure and financing,I,GBR,United Kingdom,A,Annual,EXP_HEALTH,Expenditure,PT_B1GQ,Percentage of GDP,_T,Total,_Z,Not application,_T,Total,_T,Total,_T,Total,_Z,Not applicable,_Z,Not applicable,_Z,Not applicable,2020,,11.965,,,,,,,,,,,,0,Units,1,One
DATAFLOW,OECD.ELS.HD:DSD_SHA@DF_SHA(1.0),Health expenditure and financing,I,GBR,United Kingdom,A,Annual,EXP_HEALTH,Expenditure,PT_B1GQ,Percentage of GDP,_T,Total,_Z,Not application,_T,Total,_T,Total,_T,Total,_Z,Not applicable,_Z,Not applicable,_Z,Not applicable,2021,,12.019,,,,,,,,,,,,0,Units,1,One
DATAFLOW,OECD.ELS.HD:DSD_SHA@DF_SHA(1.0),Health expenditure and financing,I,GBR,United Kingdom,A,Annual,EXP_HEALTH,Expenditure,PT_B1GQ,Percentage of GDP,_T,Total,_Z,Not application,_T,Total,_T,Total,_T,Total,_Z,Not applicable,_Z,Not applicable,_Z,Not applicable,2022,,11.052,,,,,,,,,,,,0,Units,1,One
DATAFLOW,OECD.ELS.HD:DSD_SHA@DF_SHA(1.0),Health expenditure and financing,I,GBR,United Kingdom,A,Annual,EXP_HEALTH,Expenditure,PT_B1GQ,Percentage of GDP,_T,Total,_Z,Not application,_T,Total,_T,Total,_T,Total,_Z,Not applicable,_Z,Not applicable,_Z,Not applicable,2018,,9.738,,,,,,,,,,,,0,Units,1,One
DATAFLOW,OECD.ELS.HD:DSD_SHA@DF_SHA(1.0),Health expenditure and financing,I,USA,United States,A,Annual,EXP_HEALTH,Expenditure,PT_B1GQ,Percentage of GDP,HF3,Household out-of-pocket payments,_Z,Not application,_T,Total,_T,Total,_T,Total,_Z,Not applicable,_Z,Not applicable,_Z,Not applicable,2019,,1.869,,,,,,,,,,,,0,Units,1,One
DATAFLOW,OECD.ELS.HD:DSD_SHA@DF_SHA(1.0),Health expenditure and financing,I,USA,United States,A,Annual,EXP_HEALTH,Expenditure,PT_B1GQ,Percentage of GDP,HF3,Household out-of-pocket payments,_Z,Not application,_T,Total,_T,Total,_T,Total,_Z,Not applicable,_Z,Not applicable,_Z,Not applicable,2020,,1.868,,,,,,,,,,,,0,Units,1,One
DATAFLOW,OECD.ELS.HD:DSD_SHA@DF_SHA(1.0),Health expenditure and financing,I,USA,United States,A,Annual,EXP_HEALTH,Expenditure,PT_B1GQ,Percentage of GDP,HF3,Household out-of-pocket payments,_Z,Not application,_T,Total,_T,Total,_T,Total,_Z,Not applicable,_Z,Not applicable,_Z,Not applicable,2021,,1.874,,,,,,,,,,,,0,Units,1,One
DATAFLOW,OECD.ELS.HD:DSD_SHA@DF_SHA(1.0),Health expenditure and financing,I,USA,United States,A,Annual,EXP_HEALTH,Expenditure,PT_B1GQ,Percentage of GDP,HF3,Household out-of-pocket payments,_Z,Not application,_T,Total,_T,Total,_T,Total,_Z,Not applicable,_Z,Not applicable,_Z,Not applicable,2022,,1.831,,,,,,,,,,,,0,Units,1,One
DATAFLOW,OECD.ELS.HD:DSD_SHA@DF_SHA(1.0),Health expenditure and financing,I,USA,United States,A,Annual,EXP_HEALTH,Expenditure,PT_B1GQ,Percentage of GDP,HF3,Household out-of-pocket payments,_Z,Not application,_T,Total,_T,Total,_T,Total,_Z,Not applicable,_Z,Not applicable,_Z,Not applicable,2018,,1.867,,,,,,,,,,,,0,Units,1,One
DATAFLOW,OECD.ELS.HD:DSD_SHA@DF_SHA(1.0),Health expenditure and financing,I,ISR,Israel,A,Annual,EXP_HEALTH,Expenditure,PT_B1GQ,Percentage of GDP,HF3,Household out-of-pocket payments,_Z,Not application,_T,Total,_T,Total,_T,Total,_Z,Not applicable,_Z,Not applicable,_Z,Not applicable,2021,,1.607,,,,,,,,,,,,0,Units,1,One
DATAFLOW,OECD.ELS.HD:DSD_SHA@DF_SHA(1.0),Health expenditure and financing,I,ISR,Israel,A,Annual,EXP_HEALTH,Expenditure,PT_B1GQ,Percentage of GDP,HF3,Household out-of-pocket payments,_Z,Not application,_T,Total,_T,Total,_T,Total,_Z,Not applicable,_Z,Not applicable,_Z,Not applicable,2020,,1.579,,,,,,P,Provisional value,,,,,0,Units,1,One
DATAFLOW,OECD.ELS.HD:DSD_SHA@DF_SHA(1.0),Health expenditure and financing,I,ISR,Israel,A,Annual,EXP_HEALTH,Expenditure,PT_B1GQ,Percentage of GDP,HF3,Household out-of-pocket payments,_Z,Not application,_T,Total,_T,Total,_T,Total,_Z,Not applicable,_Z,Not applicable,_Z,Not applicable,2018,,1.585,,,,,,,,,,,,0,Units,1,One
DATAFLOW,OECD.ELS.HD:DSD_SHA@DF_SHA(1.0),Health expenditure and financing,I,ISR,Israel,A,Annual,EXP_HEALTH,Expenditure,PT_B1GQ,Percentage of GDP,HF3,Household out-of-pocket payments,_Z,Not application,_T,Total,_T,Total,_T,Total,_Z,Not applicable,_Z,Not applicable,_Z,Not applicable,2022,,1.483,,,,,,D,Definition differs,P,Provisional value,,,0,Units,1,One
DATAFLOW,OECD.ELS.HD:DSD_SHA@DF_SHA(1.0),Health expenditure and financing,I,ISR,Israel,A,Annual,EXP_HEALTH,Expenditure,PT_B1GQ,Percentage of GDP,HF3,Household out-of-pocket payments,_Z,Not application,_T,Total,_T,Total,_T,Total,_Z,Not applicable,_Z,Not applicable,_Z,Not applicable,2019,,1.543,,,,,,,,,,,,0,Units,1,One
DATAFLOW,OECD.ELS.HD:DSD_SHA@DF_SHA(1.0),Health expenditure and financing,I,DEU,Germany,A,Annual,EXP_HEALTH,Expenditure,PT_B1GQ,Percentage of GDP,_T,Total,_Z,Not application,_T,Total,_T,Total,_T,Total,_Z,Not applicable,_Z,Not applicable,_Z,Not applicable,2019,,11.716,,,,,,,,,,,,0,Units,1,One
DATAFLOW,OECD.ELS.HD:DSD_SHA@DF_SHA(1.0),Health expenditure and financing,I,DEU,Germany,A,Annual,EXP_HEALTH,Expenditure,PT_B1GQ,Percentage of GDP,_T,Total,_Z,Not application,_T,Total,_T,Total,_T,Total,_Z,Not applicable,_Z,Not applicable,_Z,Not applicable,2020,,12.69,,,,,,,,,,,,0,Units,1,One
DATAFLOW,OECD.ELS.HD:DSD_SHA@DF_SHA(1.0),Health expenditure and financing,I,DEU,Germany,A,Annual,EXP_HEALTH,Expenditure,PT_B1GQ,Percentage of GDP,_T,Total,_Z,Not application,_T,Total,_T,Total,_T,Total,_Z,Not applicable,_Z,Not applicable,_Z,Not applicable,2021,,12.902,,,,,,,,,,,,0,Units,1,One
DATAFLOW,OECD.ELS.HD:DSD_SHA@DF_SHA(1.0),Health expenditure and financing,I,DEU,Germany,A,Annual,EXP_HEALTH,Expenditure,PT_B1GQ,Percentage of GDP,_T,Total,_Z,Not application,_T,Total,_T,Total,_T,Total,_Z,Not applicable,_Z,Not applicable,_Z,Not applicable,2022,,12.605,,,,,,,,,,,,0,Units,1,One
DATAFLOW,OECD.ELS.HD:DSD_SHA@DF_SHA(1.0),Health expenditure and financing,I,DEU,Germany,A,Annual,EXP_HEALTH,Expenditure,PT_B1GQ,Percentage of GDP,_T,Total,_Z,Not application,_T,Total,_T,Total,_T,Total,_Z,Not applicable,_Z,Not applicable,_Z,Not applicable,2018,,11.473,,,,,,,,,,,,0,Units,1,One
DATAFLOW,OECD.ELS.HD:DSD_SHA@DF_SHA(1.0),Health expenditure and financing,I,CRI,Costa Rica,A,Annual,EXP_HEALTH,Expenditure,PT_B1GQ,Percentage of GDP,_T,Total,_Z,Not application,_T,Total,_T,Total,_T,Total,_Z,Not applicable,_Z,Not applicable,_Z,Not applicable,2018,,7.286,,,,,,B,Time series break,,,,,0,Units,1,One
DATAFLOW,OECD.ELS.HD:DSD_SHA@DF_SHA(1.0),Health expenditure and financing,I,CRI,Costa Rica,A,Annual,EXP_HEALTH,Expenditure,PT_B1GQ,Percentage of GDP,_T,Total,_Z,Not application,_T,Total,_T,Total,_T,Total,_Z,Not applicable,_Z,Not applicable,_Z,Not applicable,2022,,7.184,,,,,,,,,,,,0,Units,1,One
DATAFLOW,OECD.ELS.HD:DSD_SHA@DF_SHA(1.0),Health expenditure and financing,I,CRI,Costa Rica,A,Annual,EXP_HEALTH,Expenditure,PT_B1GQ,Percentage of GDP,_T,Total,_Z,Not application,_T,Total,_T,Total,_T,Total,_Z,Not applicable,_Z,Not applicable,_Z,Not applicable,2020,,7.825,,,,,,,,,,,,0,Units,1,One
DATAFLOW,OECD.ELS.HD:DSD_SHA@DF_SHA(1.0),Health expenditure and financing,I,CRI,Costa Rica,A,Annual,EXP_HEALTH,Expenditure,PT_B1GQ,Percentage of GDP,_T,Total,_Z,Not application,_T,Total,_T,Total,_T,Total,_Z,Not applicable,_Z,Not applicable,_Z,Not applicable,2021,,7.611,,,,,,,,,,,,0,Units,1,One
DATAFLOW,OECD.ELS.HD:DSD_SHA@DF_SHA(1.0),Health expenditure and financing,I,CRI,Costa Rica,A,Annual,EXP_HEALTH,Expenditure,PT_B1GQ,Percentage of GDP,_T,Total,_Z,Not application,_T,Total,_T,Total,_T,Total,_Z,Not applicable,_Z,Not applicable,_Z,Not applicable,2019,,7.221,,,,,,,,,,,,0,Units,1,One
DATAFLOW,OECD.ELS.HD:DSD_SHA@DF_SHA(1.0),Health expenditure and financing,I,ISL,Iceland,A,Annual,EXP_HEALTH,Expenditure,PT_B1GQ,Percentage of GDP,HF3,Household out-of-pocket payments,_Z,Not application,_T,Total,_T,Total,_T,Total,_Z,Not applicable,_Z,Not applicable,_Z,Not applicable,2019,,1.333,,,,,,,,,,,,0,Units,1,One
DATAFLOW,OECD.ELS.HD:DSD_SHA@DF_SHA(1.0),Health expenditure and financing,I,ISL,Iceland,A,Annual,EXP_HEALTH,Expenditure,PT_B1GQ,Percentage of GDP,HF3,Household out-of-pocket payments,_Z,Not application,_T,Total,_T,Total,_T,Total,_Z,Not applicable,_Z,Not applicable,_Z,Not applicable,2020,,1.435,,,,,,,,,,,,0,Units,1,One
DATAFLOW,OECD.ELS.HD:DSD_SHA@DF_SHA(1.0),Health expenditure and financing,I,ISL,Iceland,A,Annual,EXP_HEALTH,Expenditure,PT_B1GQ,Percentage of GDP,HF3,Household out-of-pocket payments,_Z,Not application,_T,Total,_T,Total,_T,Total,_Z,Not applicable,_Z,Not applicable,_Z,Not applicable,2021,,1.412,,,,,,,,,,,,0,Units,1,One
DATAFLOW,OECD.ELS.HD:DSD_SHA@DF_SHA(1.0),Health expenditure and financing,I,ISL,Iceland,A,Annual,EXP_HEALTH,Expenditure,PT_B1GQ,Percentage of GDP,HF3,Household out-of-pocket payments,_Z,Not application,_T,Total,_T,Total,_T,Total,_Z,Not applicable,_Z,Not applicable,_Z,Not applicable,2022,,1.242,,,,,,,,,,,,0,Units,1,One
DATAFLOW,OECD.ELS.HD:DSD_SHA@DF_SHA(1.0),Health expenditure and financing,I,ISL,Iceland,A,Annual,EXP_HEALTH,Expenditure,PT_B1GQ,Percentage of GDP,HF3,Household out-of-pocket payments,_Z,Not application,_T,Total,_T,Total,_T,Total,_Z,Not applicable,_Z,Not applicable,_Z,Not applicable,2018,,1.335,,,,,,,,,,,,0,Units,1,One
DATAFLOW,OECD.ELS.HD:DSD_SHA@DF_SHA(1.0),Health expenditure and financing,I,NOR,Norway,A,Annual,EXP_HEALTH,Expenditure,PT_B1GQ,Percentage of GDP,_T,Total,_Z,Not application,_T,Total,_T,Total,_T,Total,_Z,Not applicable,_Z,Not applicable,_Z,Not applicable,2019,,10.438,,,,,,,,,,,,0,Units,1,One
DATAFLOW,OECD.ELS.HD:DSD_SHA@DF_SHA(1.0),Health expenditure and financing,I,NOR,Norway,A,Annual,EXP_HEALTH,Expenditure,PT_B1GQ,Percentage of GDP,_T,Total,_Z,Not application,_T,Total,_T,Total,_T,Total,_Z,Not applicable,_Z,Not applicable,_Z,Not applicable,2020,,11.424,,,,,,,,,,,,0,Units,1,One
DATAFLOW,OECD.ELS.HD:DSD_SHA@DF_SHA(1.0),Health expenditure and financing,I,NOR,Norway,A,Annual,EXP_HEALTH,Expenditure,PT_B1GQ,Percentage of GDP,_T,Total,_Z,Not application,_T,Total,_T,Total,_T,Total,_Z,Not applicable,_Z,Not applicable,_Z,Not applicable,2021,,9.814,,,,,,,,,,,,0,Units,1,One
DATAFLOW,OECD.ELS.HD:DSD_SHA@DF_SHA(1.0),Health expenditure and financing,I,NOR,Norway,A,Annual,EXP_HEALTH,Expenditure,PT_B1GQ,Percentage of GDP,_T,Total,_Z,Not application,_T,Total,_T,Total,_T,Total,_Z,Not applicable,_Z,Not applicable,_Z,Not applicable,2022,,7.943,,,,,,,,,,,,0,Units,1,One
DATAFLOW,OECD.ELS.HD:DSD_SHA@DF_SHA(1.0),Health expenditure and financing,I,NOR,Norway,A,Annual,EXP_HEALTH,Expenditure,PT_B1GQ,Percentage of GDP,_T,Total,_Z,Not application,_T,Total,_T,Total,_T,Total,_Z,Not applicable,_Z,Not applicable,_Z,Not applicable,2018,,9.96,,,,,,,,,,,,0,Units,1,One
DATAFLOW,OECD.ELS.HD:DSD_SHA@DF_SHA(1.0),Health expenditure and financing,I,DEU,Germany,A,Annual,EXP_HEALTH,Expenditure,PT_B1GQ,Percentage of GDP,HF3,Household out-of-pocket payments,_Z,Not application,_T,Total,_T,Total,_T,Total,_Z,Not applicable,_Z,Not applicable,_Z,Not applicable,2019,,1.55,,,,,,,,,,,,0,Units,1,One
DATAFLOW,OECD.ELS.HD:DSD_SHA@DF_SHA(1.0),Health expenditure and financing,I,DEU,Germany,A,Annual,EXP_HEALTH,Expenditure,PT_B1GQ,Percentage of GDP,HF3,Household out-of-pocket payments,_Z,Not application,_T,Total,_T,Total,_T,Total,_Z,Not applicable,_Z,Not applicable,_Z,Not applicable,2020,,1.522,,,,,,,,,,,,0,Units,1,One
DATAFLOW,OECD.ELS.HD:DSD_SHA@DF_SHA(1.0),Health expenditure and financing,I,DEU,Germany,A,Annual,EXP_HEALTH,Expenditure,PT_B1GQ,Percentage of GDP,HF3,Household out-of-pocket payments,_Z,Not application,_T,Total,_T,Total,_T,Total,_Z,Not applicable,_Z,Not applicable,_Z,Not applicable,2021,,1.542,,,,,,,,,,,,0,Units,1,One
DATAFLOW,OECD.ELS.HD:DSD_SHA@DF_SHA(1.0),Health expenditure and financing,I,DEU,Germany,A,Annual,EXP_HEALTH,Expenditure,PT_B1GQ,Percentage of GDP,HF3,Household out-of-pocket payments,_Z,Not application,_T,Total,_T,Total,_T,Total,_Z,Not applicable,_Z,Not applicable,_Z,Not applicable,2022,,1.353,,,,,,,,,,,,0,Units,1,One
DATAFLOW,OECD.ELS.HD:DSD_SHA@DF_SHA(1.0),Health expenditure and financing,I,FIN,Finland,A,Annual,EXP_HEALTH,Expenditure,PT_B1GQ,Percentage of GDP,HF3,Household out-of-pocket payments,_Z,Not application,_T,Total,_T,Total,_T,Total,_Z,Not applicable,_Z,Not applicable,_Z,Not applicable,2018,,1.661,,,,,,,,,,,,0,Units,1,One
DATAFLOW,OECD.ELS.HD:DSD_SHA@DF_SHA(1.0),Health expenditure and financing,I,FIN,Finland,A,Annual,EXP_HEALTH,Expenditure,PT_B1GQ,Percentage of GDP,HF3,Household out-of-pocket payments,_Z,Not application,_T,Total,_T,Total,_T,Total,_Z,Not applicable,_Z,Not applicable,_Z,Not applicable,2019,,1.598,,,,,,,,,,,,0,Units,1,One
DATAFLOW,OECD.ELS.HD:DSD_SHA@DF_SHA(1.0),Health expenditure and financing,I,AUS,Australia,A,Annual,EXP_HEALTH,Expenditure,PT_B1GQ,Percentage of GDP,HF3,Household out-of-pocket payments,_Z,Not application,_T,Total,_T,Total,_T,Total,_Z,Not applicable,_Z,Not applicable,_Z,Not applicable,2020,,1.587,,,,,,,,,,,,0,Units,1,One
DATAFLOW,OECD.ELS.HD:DSD_SHA@DF_SHA(1.0),Health expenditure and financing,I,AUS,Australia,A,Annual,EXP_HEALTH,Expenditure,PT_B1GQ,Percentage of GDP,HF3,Household out-of-pocket payments,_Z,Not application,_T,Total,_T,Total,_T,Total,_Z,Not applicable,_Z,Not applicable,_Z,Not applicable,2021,,1.443,,,,,,,,,,,,0,Units,1,One
DATAFLOW,OECD.ELS.HD:DSD_SHA@DF_SHA(1.0),Health expenditure and financing,I,AUS,Australia,A,Annual,EXP_HEALTH,Expenditure,PT_B1GQ,Percentage of GDP,HF3,Household out-of-pocket payments,_Z,Not application,_T,Total,_T,Total,_T,Total,_Z,Not applicable,_Z,Not applicable,_Z,Not applicable,2022,,1.517,,,,,,P,Provisional value,,,,,0,Units,1,One
DATAFLOW,OECD.ELS.HD:DSD_SHA@DF_SHA(1.0),Health expenditure and financing,I,AUS,Australia,A,Annual,EXP_HEALTH,Expenditure,PT_B1GQ,Percentage of GDP,HF3,Household out-of-pocket payments,_Z,Not application,_T,Total,_T,Total,_T,Total,_Z,Not applicable,_Z,Not applicable,_Z,Not applicable,2019,,1.502,,,,,,,,,,,,0,Units,1,One
DATAFLOW,OECD.ELS.HD:DSD_SHA@DF_SHA(1.0),Health expenditure and financing,I,BEL,Belgium,A,Annual,EXP_HEALTH,Expenditure,PT_B1GQ,Percentage of GDP,HF3,Household out-of-pocket payments,_Z,Not application,_T,Total,_T,Total,_T,Total,_Z,Not applicable,_Z,Not applicable,_Z,Not applicable,2019,,2.124,,,,,,,,,,,,0,Units,1,One
DATAFLOW,OECD.ELS.HD:DSD_SHA@DF_SHA(1.0),Health expenditure and financing,I,BEL,Belgium,A,Annual,EXP_HEALTH,Expenditure,PT_B1GQ,Percentage of GDP,HF3,Household out-of-pocket payments,_Z,Not application,_T,Total,_T,Total,_T,Total,_Z,Not applicable,_Z,Not applicable,_Z,Not applicable,2020,,1.937,,,,,,,,,,,,0,Units,1,One
DATAFLOW,OECD.ELS.HD:DSD_SHA@DF_SHA(1.0),Health expenditure and financing,I,BEL,Belgium,A,Annual,EXP_HEALTH,Expenditure,PT_B1GQ,Percentage of GDP,HF3,Household out-of-pocket payments,_Z,Not application,_T,Total,_T,Total,_T,Total,_Z,Not applicable,_Z,Not applicable,_Z,Not applicable,2021,,2.074,,,,,,,,,,,,0,Units,1,One
DATAFLOW,OECD.ELS.HD:DSD_SHA@DF_SHA(1.0),Health expenditure and financing,I,BEL,Belgium,A,Annual,EXP_HEALTH,Expenditure,PT_B1GQ,Percentage of GDP,HF3,Household out-of-pocket payments,_Z,Not application,_T,Total,_T,Total,_T,Total,_Z,Not applicable,_Z,Not applicable,_Z,Not applicable,2022,,2.157,,,,,,,,,,,,0,Units,1,One
DATAFLOW,OECD.ELS.HD:DSD_SHA@DF_SHA(1.0),Health expenditure and financing,I,BEL,Belgium,A,Annual,EXP_HEALTH,Expenditure,PT_B1GQ,Percentage of GDP,HF3,Household out-of-pocket payments,_Z,Not application,_T,Total,_T,Total,_T,Total,_Z,Not applicable,_Z,Not applicable,_Z,Not applicable,2018,,2.008,,,,,,,,,,,,0,Units,1,One
DATAFLOW,OECD.ELS.HD:DSD_SHA@DF_SHA(1.0),Health expenditure and financing,I,USA,United States,A,Annual,EXP_HEALTH,Expenditure,PT_B1GQ,Percentage of GDP,_T,Total,_Z,Not application,_T,Total,_T,Total,_T,Total,_Z,Not applicable,_Z,Not applicable,_Z,Not applicable,2019,,16.553,,,,,,,,,,,,0,Units,1,One
DATAFLOW,OECD.ELS.HD:DSD_SHA@DF_SHA(1.0),Health expenditure and financing,I,USA,United States,A,Annual,EXP_HEALTH,Expenditure,PT_B1GQ,Percentage of GDP,_T,Total,_Z,Not application,_T,Total,_T,Total,_T,Total,_Z,Not applicable,_Z,Not applicable,_Z,Not applicable,2020,,18.582,,,,,,,,,,,,0,Units,1,One
DATAFLOW,OECD.ELS.HD:DSD_SHA@DF_SHA(1.0),Health expenditure and financing,I,USA,United States,A,Annual,EXP_HEALTH,Expenditure,PT_B1GQ,Percentage of GDP,_T,Total,_Z,Not application,_T,Total,_T,Total,_T,Total,_Z,Not applicable,_Z,Not applicable,_Z,Not applicable,2021,,17.299,,,,,,,,,,,,0,Units,1,One
DATAFLOW,OECD.ELS.HD:DSD_SHA@DF_SHA(1.0),Health expenditure and financing,I,USA,United States,A,Annual,EXP_HEALTH,Expenditure,PT_B1GQ,Percentage of GDP,_T,Total,_Z,Not application,_T,Total,_T,Total,_T,Total,_Z,Not applicable,_Z,Not applicable,_Z,Not applicable,2022,,16.496,,,,,,,,,,,,0,Units,1,One
DATAFLOW,OECD.ELS.HD:DSD_SHA@DF_SHA(1.0),Health expenditure and financing,I,USA,United States,A,Annual,EXP_HEALTH,Expenditure,PT_B1GQ,Percentage of GDP,_T,Total,_Z,Not application,_T,Total,_T,Total,_T,Total,_Z,Not applicable,_Z,Not applicable,_Z,Not applicable,2018,,16.516,,,,,,,,,,,,0,Units,1,One
DATAFLOW,OECD.ELS.HD:DSD_SHA@DF_SHA(1.0),Health expenditure and financing,I,IRL,Ireland,A,Annual,EXP_HEALTH,Expenditure,PT_B1GQ,Percentage of GDP,HF3,Household out-of-pocket payments,_Z,Not application,_T,Total,_T,Total,_T,Total,_Z,Not applicable,_Z,Not applicable,_Z,Not applicable,2019,,0.815,,,,,,,,,,,,0,Units,1,One
DATAFLOW,OECD.ELS.HD:DSD_SHA@DF_SHA(1.0),Health expenditure and financing,I,IRL,Ireland,A,Annual,EXP_HEALTH,Expenditure,PT_B1GQ,Percentage of GDP,HF3,Household out-of-pocket payments,_Z,Not application,_T,Total,_T,Total,_T,Total,_Z,Not applicable,_Z,Not applicable,_Z,Not applicable,2020,,0.772,,,,,,,,,,,,0,Units,1,One
DATAFLOW,OECD.ELS.HD:DSD_SHA@DF_SHA(1.0),Health expenditure and financing,I,IRL,Ireland,A,Annual,EXP_HEALTH,Expenditure,PT_B1GQ,Percentage of GDP,HF3,Household out-of-pocket payments,_Z,Not application,_T,Total,_T,Total,_T,Total,_Z,Not applicable,_Z,Not applicable,_Z,Not applicable,2021,,0.705,,,,,,,,,,,,0,Units,1,One
DATAFLOW,OECD.ELS.HD:DSD_SHA@DF_SHA(1.0),Health expenditure and financing,I,IRL,Ireland,A,Annual,EXP_HEALTH,Expenditure,PT_B1GQ,Percentage of GDP,HF3,Household out-of-pocket payments,_Z,Not application,_T,Total,_T,Total,_T,Total,_Z,Not applicable,_Z,Not applicable,_Z,Not applicable,2022,,0.653,,,,,,,,,,,,0,Units,1,One
DATAFLOW,OECD.ELS.HD:DSD_SHA@DF_SHA(1.0),Health expenditure and financing,I,IRL,Ireland,A,Annual,EXP_HEALTH,Expenditure,PT_B1GQ,Percentage of GDP,HF3,Household out-of-pocket payments,_Z,Not application,_T,Total,_T,Total,_T,Total,_Z,Not applicable,_Z,Not applicable,_Z,Not applicable,2018,,0.832,,,,,,,,,,,,0,Units,1,One
DATAFLOW,OECD.ELS.HD:DSD_SHA@DF_SHA(1.0),Health expenditure and financing,I,CZE,Czechia,A,Annual,EXP_HEALTH,Expenditure,PT_B1GQ,Percentage of GDP,HF3,Household out-of-pocket payments,_Z,Not application,_T,Total,_T,Total,_T,Total,_Z,Not applicable,_Z,Not applicable,_Z,Not applicable,2019,,1.089,,,,,,,,,,,,0,Units,1,One
DATAFLOW,OECD.ELS.HD:DSD_SHA@DF_SHA(1.0),Health expenditure and financing,I,CZE,Czechia,A,Annual,EXP_HEALTH,Expenditure,PT_B1GQ,Percentage of GDP,HF3,Household out-of-pocket payments,_Z,Not application,_T,Total,_T,Total,_T,Total,_Z,Not applicable,_Z,Not applicable,_Z,Not applicable,2020,,1.014,,,,,,,,,,,,0,Units,1,One
DATAFLOW,OECD.ELS.HD:DSD_SHA@DF_SHA(1.0),Health expenditure and financing,I,CZE,Czechia,A,Annual,EXP_HEALTH,Expenditure,PT_B1GQ,Percentage of GDP,HF3,Household out-of-pocket payments,_Z,Not application,_T,Total,_T,Total,_T,Total,_Z,Not applicable,_Z,Not applicable,_Z,Not applicable,2021,,1.18,,,,,,,,,,,,0,Units,1,One
DATAFLOW,OECD.ELS.HD:DSD_SHA@DF_SHA(1.0),Health expenditure and financing,I,CZE,Czechia,A,Annual,EXP_HEALTH,Expenditure,PT_B1GQ,Percentage of GDP,HF3,Household out-of-pocket payments,_Z,Not application,_T,Total,_T,Total,_T,Total,_Z,Not applicable,_Z,Not applicable,_Z,Not applicable,2022,,1.257,,,,,,,,,,,,0,Units,1,One
DATAFLOW,OECD.ELS.HD:DSD_SHA@DF_SHA(1.0),Health expenditure and financing,I,CZE,Czechia,A,Annual,EXP_HEALTH,Expenditure,PT_B1GQ,Percentage of GDP,HF3,Household out-of-pocket payments,_Z,Not application,_T,Total,_T,Total,_T,Total,_Z,Not applicable,_Z,Not applicable,_Z,Not applicable,2018,,1.056,,,,,,,,,,,,0,Units,1,One
DATAFLOW,OECD.ELS.HD:DSD_SHA@DF_SHA(1.0),Health expenditure and financing,I,CZE,Czechia,A,Annual,EXP_HEALTH,Expenditure,PT_B1GQ,Percentage of GDP,_T,Total,_Z,Not application,_T,Total,_T,Total,_T,Total,_Z,Not applicable,_Z,Not applicable,_Z,Not applicable,2019,,7.613,,,,,,,,,,,,0,Units,1,One
DATAFLOW,OECD.ELS.HD:DSD_SHA@DF_SHA(1.0),Health expenditure and financing,I,CZE,Czechia,A,Annual,EXP_HEALTH,Expenditure,PT_B1GQ,Percentage of GDP,_T,Total,_Z,Not application,_T,Total,_T,Total,_T,Total,_Z,Not applicable,_Z,Not applicable,_Z,Not applicable,2020,,9.157,,,,,,,,,,,,0,Units,1,One
DATAFLOW,OECD.ELS.HD:DSD_SHA@DF_SHA(1.0),Health expenditure and financing,I,CZE,Czechia,A,Annual,EXP_HEALTH,Expenditure,PT_B1GQ,Percentage of GDP,_T,Total,_Z,Not application,_T,Total,_T,Total,_T,Total,_Z,Not applicable,_Z,Not applicable,_Z,Not applicable,2021,,9.452,,,,,,,,,,,,0,Units,1,One
DATAFLOW,OECD.ELS.HD:DSD_SHA@DF_SHA(1.0),Health expenditure and financing,I,NOR,Norway,A,Annual,EXP_HEALTH,Expenditure,PT_B1GQ,Percentage of GDP,HF3,Household out-of-pocket payments,_Z,Not application,_T,Total,_T,Total,_T,Total,_Z,Not applicable,_Z,Not applicable,_Z,Not applicable,2021,,1.36,,,,,,,,,,,,0,Units,1,One
DATAFLOW,OECD.ELS.HD:DSD_SHA@DF_SHA(1.0),Health expenditure and financing,I,NOR,Norway,A,Annual,EXP_HEALTH,Expenditure,PT_B1GQ,Percentage of GDP,HF3,Household out-of-pocket payments,_Z,Not application,_T,Total,_T,Total,_T,Total,_Z,Not applicable,_Z,Not applicable,_Z,Not applicable,2022,,1.118,,,,,,,,,,,,0,Units,1,One
DATAFLOW,OECD.ELS.HD:DSD_SHA@DF_SHA(1.0),Health expenditure and financing,I,BEL,Belgium,A,Annual,EXP_HEALTH,Expenditure,PT_B1GQ,Percentage of GDP,_T,Total,_Z,Not application,_T,Total,_T,Total,_T,Total,_Z,Not applicable,_Z,Not applicable,_Z,Not applicable,2019,,10.76,,,,,,,,,,,,0,Units,1,One
DATAFLOW,OECD.ELS.HD:DSD_SHA@DF_SHA(1.0),Health expenditure and financing,I,BEL,Belgium,A,Annual,EXP_HEALTH,Expenditure,PT_B1GQ,Percentage of GDP,_T,Total,_Z,Not application,_T,Total,_T,Total,_T,Total,_Z,Not applicable,_Z,Not applicable,_Z,Not applicable,2020,,11.27,,,,,,,,,,,,0,Units,1,One
DATAFLOW,OECD.ELS.HD:DSD_SHA@DF_SHA(1.0),Health expenditure and financing,I,BEL,Belgium,A,Annual,EXP_HEALTH,Expenditure,PT_B1GQ,Percentage of GDP,_T,Total,_Z,Not application,_T,Total,_T,Total,_T,Total,_Z,Not applicable,_Z,Not applicable,_Z,Not applicable,2021,,11.044,,,,,,,,,,,,0,Units,1,One
DATAFLOW,OECD.ELS.HD:DSD_SHA@DF_SHA(1.0),Health expenditure and financing,I,BEL,Belgium,A,Annual,EXP_HEALTH,Expenditure,PT_B1GQ,Percentage of GDP,_T,Total,_Z,Not application,_T,Total,_T,Total,_T,Total,_Z,Not applicable,_Z,Not applicable,_Z,Not applicable,2022,,10.759,,,,,,,,,,,,0,Units,1,One
DATAFLOW,OECD.ELS.HD:DSD_SHA@DF_SHA(1.0),Health expenditure and financing,I,BEL,Belgium,A,Annual,EXP_HEALTH,Expenditure,PT_B1GQ,Percentage of GDP,_T,Total,_Z,Not application,_T,Total,_T,Total,_T,Total,_Z,Not applicable,_Z,Not applicable,_Z,Not applicable,2018,,10.861,,,,,,,,,,,,0,Units,1,One
DATAFLOW,OECD.ELS.HD:DSD_SHA@DF_SHA(1.0),Health expenditure and financing,I,ISL,Iceland,A,Annual,EXP_HEALTH,Expenditure,PT_B1GQ,Percentage of GDP,_T,Total,_Z,Not application,_T,Total,_T,Total,_T,Total,_Z,Not applicable,_Z,Not applicable,_Z,Not applicable,2019,,8.64,,,,,,,,,,,,0,Units,1,One
