STRUCTURE,STRUCTURE_ID,STRUCTURE_NAME,ACTION,REF_AREA,Reference area,FREQ,Frequency of observation,MEASURE,Measure,UNIT_MEASURE,Unit of measure,AGE,Age,SEX,Sex,SOCIO_ECON_STATUS,Socio-economic status,DEATH_CAUSE,Cause of death,CALC_METHODOLOGY,Calculation methodology,GESTATION_THRESHOLD,Gestation period threshold,HEALTH_STATUS,Health status,DISEASE,Disease,CANCER_SITE,Cancer site,TIME_PERIOD,Time period,OBS_VALUE,Observation value,DECIMALS,Decimals,OBS_STATUS,Observation status,OBS_STATUS2,Observation status 2,OBS_STATUS3,Observation status 3,UNIT_MULT,Unit multiplier
DATAFLOW,OECD.ELS.HD:DSD_HEALTH_STAT@DF_PHS_SES(1.0),Perceived health status by socio-economic status,I,CZE,Czechia,A,Annual,PHS,Perceived health status,PT_POP_AGE,Percentage of population in the same age,Y_GE15,15 years or over,_T,Total,Q1,Income quintile 1 (lowest),_Z,Not applicable,CRUDE,Crude rate,_Z,Not applicable,G,Good/very good health,_Z,Not applicable,_Z,Not applicable,2019,,39.7,,,,,,,,,,,
DATAFLOW,OECD.ELS.HD:DSD_HEALTH_STAT@DF_PHS_SES(1.0),Perceived health status by socio-economic status,I,ISR,Israel,A,Annual,PHS,Perceived health status,PT_POP_AGE,Percentage of population in the same age,Y_GE15,15 years or over,_T,Total,Q1,Income quintile 1 (lowest),_Z,Not applicable,CRUDE,Crude rate,_Z,Not applicable,G,Good/very good health,_Z,Not applicable,_Z,Not applicable,2022,,77.5,,,,B,Time series break,,,,,,
DATAFLOW,OECD.ELS.HD:DSD_HEALTH_STAT@DF_PHS_SES(1.0),Perceived health status by socio-economic status,I,USA,United States,A,Annual,PHS,Perceived health status,PT_POP_AGE,Percentage of population in the same age,Y_GE15,15 years or over,_T,Total,Q1,Income quintile 1 (lowest),_Z,Not applicable,CRUDE,Crude rate,_Z,Not applicable,G,Good/very good health,_Z,Not applicable,_Z,Not applicable,2020,,72.8,,,,D,Definition differs,,,,,,
DATAFLOW,OECD.ELS.HD:DSD_HEALTH_STAT@DF_PHS_SES(1.0),Perceived health status by socio-economic status,I,USA,United States,A,Annual,PHS,Perceived health status,PT_POP_AGE,Percentage of population in the same age,Y_GE15,15 years or over,_T,Total,Q1,Income quintile 1 (lowest),_Z,Not applicable,CRUDE,Crude rate,_Z,Not applicable,G,Good/very good health,_Z,Not applicable,_Z,Not applicable,2019,,70.9,,,,D,Definition differs,,,,,,
DATAFLOW,OECD.ELS.HD:DSD_HEALTH_STAT@DF_PHS_SES(1.0),Perceived health status by socio-economic status,I,GBR,United Kingdom,A,Annual,PHS,Perceived health status,PT_POP_AGE,Percentage of population in the same age,Y_GE15,15 years or over,_T,Total,Q1,Income quintile 1 (lowest),_Z,Not applicable,CRUDE,Crude rate,_Z,Not applicable,G,Good/very good health,_Z,Not applicable,_Z,Not applicable,2019,,62.5,,,,B,Time series break,,,,,,
DATAFLOW,OECD.ELS.HD:DSD_HEALTH_STAT@DF_PHS_SES(1.0),Perceived health status by socio-economic status,I,CAN,Canada,A,Annual,PHS,Perceived health status,PT_POP_AGE,Percentage of population in the same age,Y_GE15,15 years or over,_T,Total,Q1,Income quintile 1 (lowest),_Z,Not applicable,CRUDE,Crude rate,_Z,Not applicable,G,Good/very good health,_Z,Not applicable,_Z,Not applicable,2021,,80,,,,D,Definition differs,,,,,,
DATAFLOW,OECD.ELS.HD:DSD_HEALTH_STAT@DF_PHS_SES(1.0),Perceived health status by socio-economic status,I,DEU,Germany,A,Annual,PHS,Perceived health status,PT_POP_AGE,Percentage of population in the same age,Y_GE15,15 years or over,_T,Total,Q1,Income quintile 1 (lowest),_Z,Not applicable,CRUDE,Crude rate,_Z,Not applicable,G,Good/very good health,_Z,Not applicable,_Z,Not applicable,2022,,51.7,,,,,,,,,,,
DATAFLOW,OECD.ELS.HD:DSD_HEALTH_STAT@DF_PHS_SES(1.0),Perceived health status by socio-economic status,I,DEU,Germany,A,Annual,PHS,Perceived health status,PT_POP_AGE,Percentage of population in the same age,Y_GE15,15 years or over,_T,Total,Q1,Income quintile 1 (lowest),_Z,Not applicable,CRUDE,Crude rate,_Z,Not applicable,G,Good/very good health,_Z,Not applicable,_Z,Not applicable,2021,,51.2,,,,,,,,,,,
DATAFLOW,OECD.ELS.HD:DSD_HEALTH_STAT@DF_PHS_SES(1.0),Perceived health status by socio-economic status,I,DEU,Germany,A,Annual,PHS,Perceived health status,PT_POP_AGE,Percentage of population in the same age,Y_GE15,15 years or over,_T,Total,Q1,Income quintile 1 (lowest),_Z,Not applicable,CRUDE,Crude rate,_Z,Not applicable,G,Good/very good health,_Z,Not applicable,_Z,Not applicable,2020,,50.1,,,,,,,,,,,
DATAFLOW,OECD.ELS.HD:DSD_HEALTH_STAT@DF_PHS_SES(1.0),Perceived health status by socio-economic status,I,DEU,Germany,A,Annual,PHS,Perceived health status,PT_POP_AGE,Percentage of population in the same age,Y_GE15,15 years or over,_T,Total,Q1,Income quintile 1 (lowest),_Z,Not applicable,CRUDE,Crude rate,_Z,Not applicable,G,Good/very good health,_Z,Not applicable,_Z,Not applicable,2019,,49.4,,,,,,,,,,,
DATAFLOW,OECD.ELS.HD:DSD_HEALTH_STAT@DF_PHS_SES(1.0),Perceived health status by socio-economic status,I,NLD,Netherlands,A,Annual,PHS,Perceived health status,PT_POP_AGE,Percentage of population in the same age,Y_GE15,15 years or over,_T,Total,Q1,Income quintile 1 (lowest),_Z,Not applicable,CRUDE,Crude rate,_Z,Not applicable,G,Good/very good health,_Z,Not applicable,_Z,Not applicable,2021,,58.7,,,,,,,,,,,
DATAFLOW,OECD.ELS.HD:DSD_HEALTH_STAT@DF_PHS_SES(1.0),Perceived health status by socio-economic status,I,NLD,Netherlands,A,Annual,PHS,Perceived health status,PT_POP_AGE,Percentage of population in the same age,Y_GE15,15 years or over,_T,Total,Q1,Income quintile 1 (lowest),_Z,Not applicable,CRUDE,Crude rate,_Z,Not applicable,G,Good/very good health,_Z,Not applicable,_Z,Not applicable,2020,,64.1,,,,,,,,,,,
DATAFLOW,OECD.ELS.HD:DSD_HEALTH_STAT@DF_PHS_SES(1.0),Perceived health status by socio-economic status,I,NLD,Netherlands,A,Annual,PHS,Perceived health status,PT_POP_AGE,Percentage of population in the same age,Y_GE15,15 years or over,_T,Total,Q1,Income quintile 1 (lowest),_Z,Not applicable,CRUDE,Crude rate,_Z,Not applicable,G,Good/very good health,_Z,Not applicable,_Z,Not applicable,2022,,54.9,,,,,,,,,,,
DATAFLOW,OECD.ELS.HD:DSD_HEALTH_STAT@DF_PHS_SES(1.0),Perceived health status by socio-economic status,I,USA,United States,A,Annual,PHS,Perceived health status,PT_POP_AGE,Percentage of population in the same age,Y_GE15,15 years or over,_T,Total,Q1,Income quintile 1 (lowest),_Z,Not applicable,CRUDE,Crude rate,_Z,Not applicable,G,Good/very good health,_Z,Not applicable,_Z,Not applicable,2022,,72.3,,,,D,Definition differs,,,,,,
DATAFLOW,OECD.ELS.HD:DSD_HEALTH_STAT@DF_PHS_SES(1.0),Perceived health status by socio-economic status,I,USA,United States,A,Annual,PHS,Perceived health status,PT_POP_AGE,Percentage of population in the same age,Y_GE15,15 years or over,_T,Total,Q1,Income quintile 1 (lowest),_Z,Not applicable,CRUDE,Crude rate,_Z,Not applicable,G,Good/very good health,_Z,Not applicable,_Z,Not applicable,2021,,74.8,,,,D,Definition differs,,,,,,
DATAFLOW,OECD.ELS.HD:DSD_HEALTH_STAT@DF_PHS_SES(1.0),Perceived health status by socio-economic status,I,BEL,Belgium,A,Annual,PHS,Perceived health status,PT_POP_AGE,Percentage of population in the same age,Y_GE15,15 years or over,_T,Total,Q1,Income quintile 1 (lowest),_Z,Not applicable,CRUDE,Crude rate,_Z,Not applicable,G,Good/very good health,_Z,Not applicable,_Z,Not applicable,2018,,59.8,,,,,,,,,,,
DATAFLOW,OECD.ELS.HD:DSD_HEALTH_STAT@DF_PHS_SES(1.0),Perceived health status by socio-economic status,I,BEL,Belgium,A,Annual,PHS,Perceived health status,PT_POP_AGE,Percentage of population in the same age,Y_GE15,15 years or over,_T,Total,Q1,Income quintile 1 (lowest),_Z,Not applicable,CRUDE,Crude rate,_Z,Not applicable,G,Good/very good health,_Z,Not applicable,_Z,Not applicable,2022,,59,,,,,,,,,,,
DATAFLOW,OECD.ELS.HD:DSD_HEALTH_STAT@DF_PHS_SES(1.0),Perceived health status by socio-economic status,I,BEL,Belgium,A,Annual,PHS,Perceived health status,PT_POP_AGE,Percentage of population in the same age,Y_GE15,15 years or over,_T,Total,Q1,Income quintile 1 (lowest),_Z,Not applicable,CRUDE,Crude rate,_Z,Not applicable,G,Good/very good health,_Z,Not applicable,_Z,Not applicable,2021,,60.7,,,,,,,,,,,
DATAFLOW,OECD.ELS.HD:DSD_HEALTH_STAT@DF_PHS_SES(1.0),Perceived health status by socio-economic status,I,BEL,Belgium,A,Annual,PHS,Perceived health status,PT_POP_AGE,Percentage of population in the same age,Y_GE15,15 years or over,_T,Total,Q1,Income quintile 1 (lowest),_Z,Not applicable,CRUDE,Crude rate,_Z,Not applicable,G,Good/very good health,_Z,Not applicable,_Z,Not applicable,2020,,57.3,,,,,,,,,,,
DATAFLOW,OECD.ELS.HD:DSD_HEALTH_STAT@DF_PHS_SES(1.0),Perceived health status by socio-economic status,I,BEL,Belgium,A,Annual,PHS,Perceived health status,PT_POP_AGE,Percentage of population in the same age,Y_GE15,15 years or over,_T,Total,Q1,Income quintile 1 (lowest),_Z,Not applicable,CRUDE,Crude rate,_Z,Not applicable,G,Good/very good health,_Z,Not applicable,_Z,Not applicable,2019,,57.3,,,,,,,,,,,
DATAFLOW,OECD.ELS.HD:DSD_HEALTH_STAT@DF_PHS_SES(1.0),Perceived health status by socio-economic status,I,DNK,Denmark,A,Annual,PHS,Perceived health status,PT_POP_AGE,Percentage of population in the same age,Y_GE15,15 years or over,_T,Total,Q1,Income quintile 1 (lowest),_Z,Not applicable,CRUDE,Crude rate,_Z,Not applicable,G,Good/very good health,_Z,Not applicable,_Z,Not applicable,2018,,65.1,,,,,,,,,,,
DATAFLOW,OECD.ELS.HD:DSD_HEALTH_STAT@DF_PHS_SES(1.0),Perceived health status by socio-economic status,I,DNK,Denmark,A,Annual,PHS,Perceived health status,PT_POP_AGE,Percentage of population in the same age,Y_GE15,15 years or over,_T,Total,Q1,Income quintile 1 (lowest),_Z,Not applicable,CRUDE,Crude rate,_Z,Not applicable,G,Good/very good health,_Z,Not applicable,_Z,Not applicable,2022,,53.7,,,,,,,,,,,
DATAFLOW,OECD.ELS.HD:DSD_HEALTH_STAT@DF_PHS_SES(1.0),Perceived health status by socio-economic status,I,DNK,Denmark,A,Annual,PHS,Perceived health status,PT_POP_AGE,Percentage of population in the same age,Y_GE15,15 years or over,_T,Total,Q1,Income quintile 1 (lowest),_Z,Not applicable,CRUDE,Crude rate,_Z,Not applicable,G,Good/very good health,_Z,Not applicable,_Z,Not applicable,2021,,57.9,,,,,,,,,,,
DATAFLOW,OECD.ELS.HD:DSD_HEALTH_STAT@DF_PHS_SES(1.0),Perceived health status by socio-economic status,I,DNK,Denmark,A,Annual,PHS,Perceived health status,PT_POP_AGE,Percentage of population in the same age,Y_GE15,15 years or over,_T,Total,Q1,Income quintile 1 (lowest),_Z,Not applicable,CRUDE,Crude rate,_Z,Not applicable,G,Good/very good health,_Z,Not applicable,_Z,Not applicable,2020,,64.7,,,,,,,,,,,
DATAFLOW,OECD.ELS.HD:DSD_HEALTH_STAT@DF_PHS_SES(1.0),Perceived health status by socio-economic status,I,DNK,Denmark,A,Annual,PHS,Perceived health status,PT_POP_AGE,Percentage of population in the same age,Y_GE15,15 years or over,_T,Total,Q1,Income quintile 1 (lowest),_Z,Not applicable,CRUDE,Crude rate,_Z,Not applicable,G,Good/very good health,_Z,Not applicable,_Z,Not applicable,2019,,62.2,,,,,,,,,,,
DATAFLOW,OECD.ELS.HD:DSD_HEALTH_STAT@DF_PHS_SES(1.0),Perceived health status by socio-economic status,I,SWE,Sweden,A,Annual,PHS,Perceived health status,PT_POP_AGE,Percentage of population in the same age,Y_GE15,15 years or over,_T,Total,Q1,Income quintile 1 (lowest),_Z,Not applicable,CRUDE,Crude rate,_Z,Not applicable,G,Good/very good health,_Z,Not applicable,_Z,Not applicable,2018,,64.4,,,,,,,,,,,
DATAFLOW,OECD.ELS.HD:DSD_HEALTH_STAT@DF_PHS_SES(1.0),Perceived health status by socio-economic status,I,SWE,Sweden,A,Annual,PHS,Perceived health status,PT_POP_AGE,Percentage of population in the same age,Y_GE15,15 years or over,_T,Total,Q1,Income quintile 1 (lowest),_Z,Not applicable,CRUDE,Crude rate,_Z,Not applicable,G,Good/very good health,_Z,Not applicable,_Z,Not applicable,2022,,57.2,,,,,,,,,,,
DATAFLOW,OECD.ELS.HD:DSD_HEALTH_STAT@DF_PHS_SES(1.0),Perceived health status by socio-economic status,I,SWE,Sweden,A,Annual,PHS,Perceived health status,PT_POP_AGE,Percentage of population in the same age,Y_GE15,15 years or over,_T,Total,Q1,Income quintile 1 (lowest),_Z,Not applicable,CRUDE,Crude rate,_Z,Not applicable,G,Good/very good health,_Z,Not applicable,_Z,Not applicable,2021,,62.8,,,,,,,,,,,
DATAFLOW,OECD.ELS.HD:DSD_HEALTH_STAT@DF_PHS_SES(1.0),Perceived health status by socio-economic status,I,SWE,Sweden,A,Annual,PHS,Perceived health status,PT_POP_AGE,Percentage of population in the same age,Y_GE15,15 years or over,_T,Total,Q1,Income quintile 1 (lowest),_Z,Not applicable,CRUDE,Crude rate,_Z,Not applicable,G,Good/very good health,_Z,Not applicable,_Z,Not applicable,2020,,66.4,,,,,,,,,,,
DATAFLOW,OECD.ELS.HD:DSD_HEALTH_STAT@DF_PHS_SES(1.0),Perceived health status by socio-economic status,I,SWE,Sweden,A,Annual,PHS,Perceived health status,PT_POP_AGE,Percentage of population in the same age,Y_GE15,15 years or over,_T,Total,Q1,Income quintile 1 (lowest),_Z,Not applicable,CRUDE,Crude rate,_Z,Not applicable,G,Good/very good health,_Z,Not applicable,_Z,Not applicable,2019,,64.6,,,,,,,,,,,
DATAFLOW,OECD.ELS.HD:DSD_HEALTH_STAT@DF_PHS_SES(1.0),Perceived health status by socio-economic status,I,CZE,Czechia,A,Annual,PHS,Perceived health status,PT_POP_AGE,Percentage of population in the same age,Y_GE15,15 years or over,_T,Total,Q1,Income quintile 1 (lowest),_Z,Not applicable,CRUDE,Crude rate,_Z,Not applicable,G,Good/very good health,_Z,Not applicable,_Z,Not applicable,2018,,41.2,,,,,,,,,,,
DATAFLOW,OECD.ELS.HD:DSD_HEALTH_STAT@DF_PHS_SES(1.0),Perceived health status by socio-economic status,I,CZE,Czechia,A,Annual,PHS,Perceived health status,PT_POP_AGE,Percentage of population in the same age,Y_GE15,15 years or over,_T,Total,Q1,Income quintile 1 (lowest),_Z,Not applicable,CRUDE,Crude rate,_Z,Not applicable,G,Good/very good health,_Z,Not applicable,_Z,Not applicable,2022,,46.4,,,,,,,,,,,
DATAFLOW,OECD.ELS.HD:DSD_HEALTH_STAT@DF_PHS_SES(1.0),Perceived health status by socio-economic status,I,CZE,Czechia,A,Annual,PHS,Perceived health status,PT_POP_AGE,Percentage of population in the same age,Y_GE15,15 years or over,_T,Total,Q1,Income quintile 1 (lowest),_Z,Not applicable,CRUDE,Crude rate,_Z,Not applicable,G,Good/very good health,_Z,Not applicable,_Z,Not applicable,2021,,50.8,,,,,,,,,,,
DATAFLOW,OECD.ELS.HD:DSD_HEALTH_STAT@DF_PHS_SES(1.0),Perceived health status by socio-economic status,I,CZE,Czechia,A,Annual,PHS,Perceived health status,PT_POP_AGE,Percentage of population in the same age,Y_GE15,15 years or over,_T,Total,Q1,Income quintile 1 (lowest),_Z,Not applicable,CRUDE,Crude rate,_Z,Not applicable,G,Good/very good health,_Z,Not applicable,_Z,Not applicable,2020,,40.5,,,,,,,,,,,
DATAFLOW,OECD.ELS.HD:DSD_HEALTH_STAT@DF_PHS_SES(1.0),Perceived health status by socio-economic status,I,USA,United States,A,Annual,PHS,Perceived health status,PT_POP_AGE,Percentage of population in the same age,Y_GE15,15 years or over,_T,Total,Q1,Income quintile 1 (lowest),_Z,Not applicable,CRUDE,Crude rate,_Z,Not applicable,G,Good/very good health,_Z,Not applicable,_Z,Not applicable,2018,,74.7,,,,D,Definition differs,,,,,,
DATAFLOW,OECD.ELS.HD:DSD_HEALTH_STAT@DF_PHS_SES(1.0),Perceived health status by socio-economic status,I,DEU,Germany,A,Annual,PHS,Perceived health status,PT_POP_AGE,Percentage of population in the same age,Y_GE15,15 years or over,_T,Total,Q1,Income quintile 1 (lowest),_Z,Not applicable,CRUDE,Crude rate,_Z,Not applicable,G,Good/very good health,_Z,Not applicable,_Z,Not applicable,2018,,50.9,,,,,,,,,,,
DATAFLOW,OECD.ELS.HD:DSD_HEALTH_STAT@DF_PHS_SES(1.0),Perceived health status by socio-economic status,I,ISR,Israel,A,Annual,PHS,Perceived health status,PT_POP_AGE,Percentage of population in the same age,Y_GE15,15 years or over,_T,Total,Q1,Income quintile 1 (lowest),_Z,Not applicable,CRUDE,Crude rate,_Z,Not applicable,G,Good/very good health,_Z,Not applicable,_Z,Not applicable,2020,,81.2,,,,,,,,,,,
DATAFLOW,OECD.ELS.HD:DSD_HEALTH_STAT@DF_PHS_SES(1.0),Perceived health status by socio-economic status,I,ISR,Israel,A,Annual,PHS,Perceived health status,PT_POP_AGE,Percentage of population in the same age,Y_GE15,15 years or over,_T,Total,Q1,Income quintile 1 (lowest),_Z,Not applicable,CRUDE,Crude rate,_Z,Not applicable,G,Good/very good health,_Z,Not applicable,_Z,Not applicable,2019,,79.2,,,,,,,,,,,
DATAFLOW,OECD.ELS.HD:DSD_HEALTH_STAT@DF_PHS_SES(1.0),Perceived health status by socio-economic status,I,ISR,Israel,A,Annual,PHS,Perceived health status,PT_POP_AGE,Percentage of population in the same age,Y_GE15,15 years or over,_T,Total,Q1,Income quintile 1 (lowest),_Z,Not applicable,CRUDE,Crude rate,_Z,Not applicable,G,Good/very good health,_Z,Not applicable,_Z,Not applicable,2021,,78.9,,,,B,Time series break,,,,,,
DATAFLOW,OECD.ELS.HD:DSD_HEALTH_STAT@DF_PHS_SES(1.0),Perceived health status by socio-economic status,I,ISR,Israel,A,Annual,PHS,Perceived health status,PT_POP_AGE,Percentage of population in the same age,Y_GE15,15 years or over,_T,Total,Q1,Income quintile 1 (lowest),_Z,Not applicable,CRUDE,Crude rate,_Z,Not applicable,G,Good/very good health,_Z,Not applicable,_Z,Not applicable,2018,,77.6,,,,B,Time series break,,,,,,
DATAFLOW,OECD.ELS.HD:DSD_HEALTH_STAT@DF_PHS_SES(1.0),Perceived health status by socio-economic status,I,IRL,Ireland,A,Annual,PHS,Perceived health status,PT_POP_AGE,Percentage of population in the same age,Y_GE15,15 years or over,_T,Total,Q1,Income quintile 1 (lowest),_Z,Not applicable,CRUDE,Crude rate,_Z,Not applicable,G,Good/very good health,_Z,Not applicable,_Z,Not applicable,2018,,70.4,,,,,,,,,,,
DATAFLOW,OECD.ELS.HD:DSD_HEALTH_STAT@DF_PHS_SES(1.0),Perceived health status by socio-economic status,I,IRL,Ireland,A,Annual,PHS,Perceived health status,PT_POP_AGE,Percentage of population in the same age,Y_GE15,15 years or over,_T,Total,Q1,Income quintile 1 (lowest),_Z,Not applicable,CRUDE,Crude rate,_Z,Not applicable,G,Good/very good health,_Z,Not applicable,_Z,Not applicable,2022,,68,,,,,,,,,,,
DATAFLOW,OECD.ELS.HD:DSD_HEALTH_STAT@DF_PHS_SES(1.0),Perceived health status by socio-economic status,I,IRL,Ireland,A,Annual,PHS,Perceived health status,PT_POP_AGE,Percentage of population in the same age,Y_GE15,15 years or over,_T,Total,Q1,Income quintile 1 (lowest),_Z,Not applicable,CRUDE,Crude rate,_Z,Not applicable,G,Good/very good health,_Z,Not applicable,_Z,Not applicable,2021,,67.8,,,,,,,,,,,
DATAFLOW,OECD.ELS.HD:DSD_HEALTH_STAT@DF_PHS_SES(1.0),Perceived health status by socio-economic status,I,IRL,Ireland,A,Annual,PHS,Perceived health status,PT_POP_AGE,Percentage of population in the same age,Y_GE15,15 years or over,_T,Total,Q1,Income quintile 1 (lowest),_Z,Not applicable,CRUDE,Crude rate,_Z,Not applicable,G,Good/very good health,_Z,Not applicable,_Z,Not applicable,2020,,73.3,,,,,,,,,,,
DATAFLOW,OECD.ELS.HD:DSD_HEALTH_STAT@DF_PHS_SES(1.0),Perceived health status by socio-economic status,I,IRL,Ireland,A,Annual,PHS,Perceived health status,PT_POP_AGE,Percentage of population in the same age,Y_GE15,15 years or over,_T,Total,Q1,Income quintile 1 (lowest),_Z,Not applicable,CRUDE,Crude rate,_Z,Not applicable,G,Good/very good health,_Z,Not applicable,_Z,Not applicable,2019,,74.5,,,,,,,,,,,
DATAFLOW,OECD.ELS.HD:DSD_HEALTH_STAT@DF_PHS_SES(1.0),Perceived health status by socio-economic status,I,CHE,Switzerland,A,Annual,PHS,Perceived health status,PT_POP_AGE,Percentage of population in the same age,Y_GE15,15 years or over,_T,Total,Q1,Income quintile 1 (lowest),_Z,Not applicable,CRUDE,Crude rate,_Z,Not applicable,G,Good/very good health,_Z,Not applicable,_Z,Not applicable,2018,,68.9,,,,,,,,,,,
DATAFLOW,OECD.ELS.HD:DSD_HEALTH_STAT@DF_PHS_SES(1.0),Perceived health status by socio-economic status,I,CHE,Switzerland,A,Annual,PHS,Perceived health status,PT_POP_AGE,Percentage of population in the same age,Y_GE15,15 years or over,_T,Total,Q1,Income quintile 1 (lowest),_Z,Not applicable,CRUDE,Crude rate,_Z,Not applicable,G,Good/very good health,_Z,Not applicable,_Z,Not applicable,2022,,68.3,,,,,,,,,,,
DATAFLOW,OECD.ELS.HD:DSD_HEALTH_STAT@DF_PHS_SES(1.0),Perceived health status by socio-economic status,I,CHE,Switzerland,A,Annual,PHS,Perceived health status,PT_POP_AGE,Percentage of population in the same age,Y_GE15,15 years or over,_T,Total,Q1,Income quintile 1 (lowest),_Z,Not applicable,CRUDE,Crude rate,_Z,Not applicable,G,Good/very good health,_Z,Not applicable,_Z,Not applicable,2021,,69.6,,,,,,,,,,,
DATAFLOW,OECD.ELS.HD:DSD_HEALTH_STAT@DF_PHS_SES(1.0),Perceived health status by socio-economic status,I,CHE,Switzerland,A,Annual,PHS,Perceived health status,PT_POP_AGE,Percentage of population in the same age,Y_GE15,15 years or over,_T,Total,Q1,Income quintile 1 (lowest),_Z,Not applicable,CRUDE,Crude rate,_Z,Not applicable,G,Good/very good health,_Z,Not applicable,_Z,Not applicable,2020,,73.5,,,,,,,,,,,
DATAFLOW,OECD.ELS.HD:DSD_HEALTH_STAT@DF_PHS_SES(1.0),Perceived health status by socio-economic status,I,CHE,Switzerland,A,Annual,PHS,Perceived health status,PT_POP_AGE,Percentage of population in the same age,Y_GE15,15 years or over,_T,Total,Q1,Income quintile 1 (lowest),_Z,Not applicable,CRUDE,Crude rate,_Z,Not applicable,G,Good/very good health,_Z,Not applicable,_Z,Not applicable,2019,,70.6,,,,,,,,,,,
DATAFLOW,OECD.ELS.HD:DSD_HEALTH_STAT@DF_PHS_SES(1.0),Perceived health status by socio-economic status,I,ISL,Iceland,A,Annual,PHS,Perceived health status,PT_POP_AGE,Percentage of population in the same age,Y_GE15,15 years or over,_T,Total,Q1,Income quintile 1 (lowest),_Z,Not applicable,CRUDE,Crude rate,_Z,Not applicable,G,Good/very good health,_Z,Not applicable,_Z,Not applicable,2019,,69.2,,,,,,,,,,,
DATAFLOW,OECD.ELS.HD:DSD_HEALTH_STAT@DF_PHS_SES(1.0),Perceived health status by socio-economic status,I,ISL,Iceland,A,Annual,PHS,Perceived health status,PT_POP_AGE,Percentage of population in the same age,Y_GE15,15 years or over,_T,Total,Q1,Income quintile 1 (lowest),_Z,Not applicable,CRUDE,Crude rate,_Z,Not applicable,G,Good/very good health,_Z,Not applicable,_Z,Not applicable,2018,,65.9,,,,,,,,,,,
DATAFLOW,OECD.ELS.HD:DSD_HEALTH_STAT@DF_PHS_SES(1.0),Perceived health status by socio-economic status,I,NOR,Norway,A,Annual,PHS,Perceived health status,PT_POP_AGE,Percentage of population in the same age,Y_GE15,15 years or over,_T,Total,Q1,Income quintile 1 (lowest),_Z,Not applicable,CRUDE,Crude rate,_Z,Not applicable,G,Good/very good health,_Z,Not applicable,_Z,Not applicable,2018,,69.4,,,,,,,,,,,
DATAFLOW,OECD.ELS.HD:DSD_HEALTH_STAT@DF_PHS_SES(1.0),Perceived health status by socio-economic status,I,NOR,Norway,A,Annual,PHS,Perceived health status,PT_POP_AGE,Percentage of population in the same age,Y_GE15,15 years or over,_T,Total,Q1,Income quintile 1 (lowest),_Z,Not applicable,CRUDE,Crude rate,_Z,Not applicable,G,Good/very good health,_Z,Not applicable,_Z,Not applicable,2022,,66.8,,,,,,,,,,,
DATAFLOW,OECD.ELS.HD:DSD_HEALTH_STAT@DF_PHS_SES(1.0),Perceived health status by socio-economic status,I,NOR,Norway,A,Annual,PHS,Perceived health status,PT_POP_AGE,Percentage of population in the same age,Y_GE15,15 years or over,_T,Total,Q1,Income quintile 1 (lowest),_Z,Not applicable,CRUDE,Crude rate,_Z,Not applicable,G,Good/very good health,_Z,Not applicable,_Z,Not applicable,2021,,67.9,,,,,,,,,,,
DATAFLOW,OECD.ELS.HD:DSD_HEALTH_STAT@DF_PHS_SES(1.0),Perceived health status by socio-economic status,I,NOR,Norway,A,Annual,PHS,Perceived health status,PT_POP_AGE,Percentage of population in the same age,Y_GE15,15 years or over,_T,Total,Q1,Income quintile 1 (lowest),_Z,Not applicable,CRUDE,Crude rate,_Z,Not applicable,G,Good/very good health,_Z,Not applicable,_Z,Not applicable,2020,,64.9,,,,,,,,,,,
DATAFLOW,OECD.ELS.HD:DSD_HEALTH_STAT@DF_PHS_SES(1.0),Perceived health status by socio-economic status,I,NOR,Norway,A,Annual,PHS,Perceived health status,PT_POP_AGE,Percentage of population in the same age,Y_GE15,15 years or over,_T,Total,Q1,Income quintile 1 (lowest),_Z,Not applicable,CRUDE,Crude rate,_Z,Not applicable,G,Good/very good health,_Z,Not applicable,_Z,Not applicable,2019,,64.5,,,,,,,,,,,
DATAFLOW,OECD.ELS.HD:DSD_HEALTH_STAT@DF_PHS_SES(1.0),Perceived health status by socio-economic status,I,NZL,New Zealand,A,Annual,PHS,Perceived health status,PT_POP_AGE,Percentage of population in the same age,Y_GE15,15 years or over,_T,Total,Q1,Income quintile 1 (lowest),_Z,Not applicable,CRUDE,Crude rate,_Z,Not applicable,G,Good/very good health,_Z,Not applicable,_Z,Not applicable,2018,,89.6,,,,D,Definition differs,,,,,,
DATAFLOW,OECD.ELS.HD:DSD_HEALTH_STAT@DF_PHS_SES(1.0),Perceived health status by socio-economic status,I,NZL,New Zealand,A,Annual,PHS,Perceived health status,PT_POP_AGE,Percentage of population in the same age,Y_GE15,15 years or over,_T,Total,Q1,Income quintile 1 (lowest),_Z,Not applicable,CRUDE,Crude rate,_Z,Not applicable,G,Good/very good health,_Z,Not applicable,_Z,Not applicable,2022,,84.5,,,,D,Definition differs,,,,,,
DATAFLOW,OECD.ELS.HD:DSD_HEALTH_STAT@DF_PHS_SES(1.0),Perceived health status by socio-economic status,I,NZL,New Zealand,A,Annual,PHS,Perceived health status,PT_POP_AGE,Percentage of population in the same age,Y_GE15,15 years or over,_T,Total,Q1,Income quintile 1 (lowest),_Z,Not applicable,CRUDE,Crude rate,_Z,Not applicable,G,Good/very good health,_Z,Not applicable,_Z,Not applicable,2021,,86.7,,,,D,Definition differs,,,,,,
DATAFLOW,OECD.ELS.HD:DSD_HEALTH_STAT@DF_PHS_SES(1.0),Perceived health status by socio-economic status,I,NZL,New Zealand,A,Annual,PHS,Perceived health status,PT_POP_AGE,Percentage of population in the same age,Y_GE15,15 years or over,_T,Total,Q1,Income quintile 1 (lowest),_Z,Not applicable,CRUDE,Crude rate,_Z,Not applicable,G,Good/very good health,_Z,Not applicable,_Z,Not applicable,2020,,83.5,,,,D,Definition differs,,,,,,
DATAFLOW,OECD.ELS.HD:DSD_HEALTH_STAT@DF_PHS_SES(1.0),Perceived health status by socio-economic status,I,NZL,New Zealand,A,Annual,PHS,Perceived health status,PT_POP_AGE,Percentage of population in the same age,Y_GE15,15 years or over,_T,Total,Q1,Income quintile 1 (lowest),_Z,Not applicable,CRUDE,Crude rate,_Z,Not applicable,G,Good/very good health,_Z,Not applicable,_Z,Not applicable,2019,,82,,,,D,Definition differs,,,,,,
DATAFLOW,OECD.ELS.HD:DSD_HEALTH_STAT@DF_PHS_SES(1.0),Perceived health status by socio-economic status,I,AUT,Austria,A,Annual,PHS,Perceived health status,PT_POP_AGE,Percentage of population in the same age,Y_GE15,15 years or over,_T,Total,Q1,Income quintile 1 (lowest),_Z,Not applicable,CRUDE,Crude rate,_Z,Not applicable,G,Good/very good health,_Z,Not applicable,_Z,Not applicable,2021,,61.9,,,,,,,,,,,
DATAFLOW,OECD.ELS.HD:DSD_HEALTH_STAT@DF_PHS_SES(1.0),Perceived health status by socio-economic status,I,AUT,Austria,A,Annual,PHS,Perceived health status,PT_POP_AGE,Percentage of population in the same age,Y_GE15,15 years or over,_T,Total,Q1,Income quintile 1 (lowest),_Z,Not applicable,CRUDE,Crude rate,_Z,Not applicable,G,Good/very good health,_Z,Not applicable,_Z,Not applicable,2020,,62.5,,,,,,,,,,,
DATAFLOW,OECD.ELS.HD:DSD_HEALTH_STAT@DF_PHS_SES(1.0),Perceived health status by socio-economic status,I,AUT,Austria,A,Annual,PHS,Perceived health status,PT_POP_AGE,Percentage of population in the same age,Y_GE15,15 years or over,_T,Total,Q1,Income quintile 1 (lowest),_Z,Not applicable,CRUDE,Crude rate,_Z,Not applicable,G,Good/very good health,_Z,Not applicable,_Z,Not applicable,2019,,60.6,,,,,,,,,,,
DATAFLOW,OECD.ELS.HD:DSD_HEALTH_STAT@DF_PHS_SES(1.0),Perceived health status by socio-economic status,I,AUT,Austria,A,Annual,PHS,Perceived health status,PT_POP_AGE,Percentage of population in the same age,Y_GE15,15 years or over,_T,Total,Q1,Income quintile 1 (lowest),_Z,Not applicable,CRUDE,Crude rate,_Z,Not applicable,G,Good/very good health,_Z,Not applicable,_Z,Not applicable,2018,,61.8,,,,,,,,,,,
DATAFLOW,OECD.ELS.HD:DSD_HEALTH_STAT@DF_PHS_SES(1.0),Perceived health status by socio-economic status,I,AUT,Austria,A,Annual,PHS,Perceived health status,PT_POP_AGE,Percentage of population in the same age,Y_GE15,15 years or over,_T,Total,Q1,Income quintile 1 (lowest),_Z,Not applicable,CRUDE,Crude rate,_Z,Not applicable,G,Good/very good health,_Z,Not applicable,_Z,Not applicable,2022,,62,,,,,,,,,,,
DATAFLOW,OECD.ELS.HD:DSD_HEALTH_STAT@DF_PHS_SES(1.0),Perceived health status by socio-economic status,I,FIN,Finland,A,Annual,PHS,Perceived health status,PT_POP_AGE,Percentage of population in the same age,Y_GE15,15 years or over,_T,Total,Q1,Income quintile 1 (lowest),_Z,Not applicable,CRUDE,Crude rate,_Z,Not applicable,G,Good/very good health,_Z,Not applicable,_Z,Not applicable,2019,,53.7,,,,,,,,,,,
DATAFLOW,OECD.ELS.HD:DSD_HEALTH_STAT@DF_PHS_SES(1.0),Perceived health status by socio-economic status,I,FIN,Finland,A,Annual,PHS,Perceived health status,PT_POP_AGE,Percentage of population in the same age,Y_GE15,15 years or over,_T,Total,Q1,Income quintile 1 (lowest),_Z,Not applicable,CRUDE,Crude rate,_Z,Not applicable,G,Good/very good health,_Z,Not applicable,_Z,Not applicable,2022,,53.3,,,,,,,,,,,
DATAFLOW,OECD.ELS.HD:DSD_HEALTH_STAT@DF_PHS_SES(1.0),Perceived health status by socio-economic status,I,FIN,Finland,A,Annual,PHS,Perceived health status,PT_POP_AGE,Percentage of population in the same age,Y_GE15,15 years or over,_T,Total,Q1,Income quintile 1 (lowest),_Z,Not applicable,CRUDE,Crude rate,_Z,Not applicable,G,Good/very good health,_Z,Not applicable,_Z,Not applicable,2021,,57.2,,,,,,,,,,,
DATAFLOW,OECD.ELS.HD:DSD_HEALTH_STAT@DF_PHS_SES(1.0),Perceived health status by socio-economic status,I,FIN,Finland,A,Annual,PHS,Perceived health status,PT_POP_AGE,Percentage of population in the same age,Y_GE15,15 years or over,_T,Total,Q1,Income quintile 1 (lowest),_Z,Not applicable,CRUDE,Crude rate,_Z,Not applicable,G,Good/very good health,_Z,Not applicable,_Z,Not applicable,2020,,57.2,,,,,,,,,,,
DATAFLOW,OECD.ELS.HD:DSD_HEALTH_STAT@DF_PHS_SES(1.0),Perceived health status by socio-economic status,I,FIN,Finland,A,Annual,PHS,Perceived health status,PT_POP_AGE,Percentage of population in the same age,Y_GE15,15 years or over,_T,Total,Q1,Income quintile 1 (lowest),_Z,Not applicable,CRUDE,Crude rate,_Z,Not applicable,G,Good/very good health,_Z,Not applicable,_Z,Not applicable,2018,,55.8,,,,,,,,,,,
DATAFLOW,OECD.ELS.HD:DSD_HEALTH_STAT@DF_PHS_SES(1.0),Perceived health status by socio-economic status,I,LUX,Luxembourg,A,Annual,PHS,Perceived health status,PT_POP_AGE,Percentage of population in the same age,Y_GE15,15 years or over,_T,Total,Q1,Income quintile 1 (lowest),_Z,Not applicable,CRUDE,Crude rate,_Z,Not applicable,G,Good/very good health,_Z,Not applicable,_Z,Not applicable,2022,,69.1,,,,,,,,,,,
DATAFLOW,OECD.ELS.HD:DSD_HEALTH_STAT@DF_PHS_SES(1.0),Perceived health status by socio-economic status,I,LUX,Luxembourg,A,Annual,PHS,Perceived health status,PT_POP_AGE,Percentage of population in the same age,Y_GE15,15 years or over,_T,Total,Q1,Income quintile 1 (lowest),_Z,Not applicable,CRUDE,Crude rate,_Z,Not applicable,G,Good/very good health,_Z,Not applicable,_Z,Not applicable,2021,,72.5,,,,,,,,,,,
DATAFLOW,OECD.ELS.HD:DSD_HEALTH_STAT@DF_PHS_SES(1.0),Perceived health status by socio-economic status,I,LUX,Luxembourg,A,Annual,PHS,Perceived health status,PT_POP_AGE,Percentage of population in the same age,Y_GE15,15 years or over,_T,Total,Q1,Income quintile 1 (lowest),_Z,Not applicable,CRUDE,Crude rate,_Z,Not applicable,G,Good/very good health,_Z,Not applicable,_Z,Not applicable,2020,,68.2,,,,,,,,,,,
DATAFLOW,OECD.ELS.HD:DSD_HEALTH_STAT@DF_PHS_SES(1.0),Perceived health status by socio-economic status,I,LUX,Luxembourg,A,Annual,PHS,Perceived health status,PT_POP_AGE,Percentage of population in the same age,Y_GE15,15 years or over,_T,Total,Q1,Income quintile 1 (lowest),_Z,Not applicable,CRUDE,Crude rate,_Z,Not applicable,G,Good/very good health,_Z,Not applicable,_Z,Not applicable,2019,,65.3,,,,,,,,,,,
DATAFLOW,OECD.ELS.HD:DSD_HEALTH_STAT@DF_PHS_SES(1.0),Perceived health status by socio-economic status,I,LUX,Luxembourg,A,Annual,PHS,Perceived health status,PT_POP_AGE,Percentage of population in the same age,Y_GE15,15 years or over,_T,Total,Q1,Income quintile 1 (lowest),_Z,Not applicable,CRUDE,Crude rate,_Z,Not applicable,G,Good/very good health,_Z,Not applicable,_Z,Not applicable,2018,,60.2,,,,,,,,,,,
DATAFLOW,OECD.ELS.HD:DSD_HEALTH_STAT@DF_PHS_SES(1.0),Perceived health status by socio-economic status,I,GBR,United Kingdom,A,Annual,PHS,Perceived health status,PT_POP_AGE,Percentage of population in the same age,Y_GE15,15 years or over,_T,Total,Q1,Income quintile 1 (lowest),_Z,Not applicable,CRUDE,Crude rate,_Z,Not applicable,G,Good/very good health,_Z,Not applicable,_Z,Not applicable,2018,,62.2,,,,,,,,,,,
DATAFLOW,OECD.ELS.HD:DSD_HEALTH_STAT@DF_PHS_SES(1.0),Perceived health status by socio-economic status,I,NLD,Netherlands,A,Annual,PHS,Perceived health status,PT_POP_AGE,Percentage of population in the same age,Y_GE15,15 years or over,_T,Total,Q1,Income quintile 1 (lowest),_Z,Not applicable,CRUDE,Crude rate,_Z,Not applicable,G,Good/very good health,_Z,Not applicable,_Z,Not applicable,2019,,60,,,,,,,,,,,
DATAFLOW,OECD.ELS.HD:DSD_HEALTH_STAT@DF_PHS_SES(1.0),Perceived health status by socio-economic status,I,NLD,Netherlands,A,Annual,PHS,Perceived health status,PT_POP_AGE,Percentage of population in the same age,Y_GE15,15 years or over,_T,Total,Q1,Income quintile 1 (lowest),_Z,Not applicable,CRUDE,Crude rate,_Z,Not applicable,G,Good/very good health,_Z,Not applicable,_Z,Not applicable,2018,,63.7,,,,,,,,,,,
DATAFLOW,OECD.ELS.HD:DSD_HEALTH_STAT@DF_PHS_SES(1.0),Perceived health status by socio-economic status,I,CAN,Canada,A,Annual,PHS,Perceived health status,PT_POP_AGE,Percentage of population in the same age,Y_GE15,15 years or over,_T,Total,Q1,Income quintile 1 (lowest),_Z,Not applicable,CRUDE,Crude rate,_Z,Not applicable,G,Good/very good health,_Z,Not applicable,_Z,Not applicable,2019,,81.4,,,,D,Definition differs,,,,,,
DATAFLOW,OECD.ELS.HD:DSD_HEALTH_STAT@DF_PHS_SES(1.0),Perceived health status by socio-economic status,I,CAN,Canada,A,Annual,PHS,Perceived health status,PT_POP_AGE,Percentage of population in the same age,Y_GE15,15 years or over,_T,Total,Q1,Income quintile 1 (lowest),_Z,Not applicable,CRUDE,Crude rate,_Z,Not applicable,G,Good/very good health,_Z,Not applicable,_Z,Not applicable,2018,,80.9,,,,D,Definition differs,,,,,,
DATAFLOW,OECD.ELS.HD:DSD_HEALTH_STAT@DF_PHS_SES(1.0),Perceived health status by socio-economic status,I,CAN,Canada,A,Annual,PHS,Perceived health status,PT_POP_AGE,Percentage of population in the same age,Y_GE15,15 years or over,_T,Total,Q1,Income quintile 1 (lowest),_Z,Not applicable,CRUDE,Crude rate,_Z,Not applicable,G,Good/very good health,_Z,Not applicable,_Z,Not applicable,2022,,77.6,,,,D,Definition differs,,,,,,
DATAFLOW,OECD.ELS.HD:DSD_HEALTH_STAT@DF_PHS_SES(1.0),Perceived health status by socio-economic status,I,CAN,Canada,A,Annual,PHS,Perceived health status,PT_POP_AGE,Percentage of population in the same age,Y_GE15,15 years or over,_T,Total,Q1,Income quintile 1 (lowest),_Z,Not applicable,CRUDE,Crude rate,_Z,Not applicable,G,Good/very good health,_Z,Not applicable,_Z,Not applicable,2020,,81.6,,,,D,Definition differs,,,,,,
DATAFLOW,OECD.ELS.HD:DSD_HEALTH_STAT@DF_PHS_SES(1.0),Perceived health status by socio-economic status,I,AUS,Australia,A,Annual,PHS,Perceived health status,PT_POP_AGE,Percentage of population in the same age,Y_GE15,15 years or over,_T,Total,Q1,Income quintile 1 (lowest),_Z,Not applicable,CRUDE,Crude rate,_Z,Not applicable,G,Good/very good health,_Z,Not applicable,_Z,Not applicable,2022,,83.6,,,,D,Definition differs,,,,,,
